date,category,event_type,topic,harm
2026-08-31,"Accessories, Soft Lens Products",Injury,Topic 6,1
2026-08-31,"Accessories, Soft Lens Products",Injury,Topic 6,1
2026-08-31,General Surgery Tray,Malfunction,Topic 3,0
2026-08-31,General Surgery Tray,Malfunction,Topic 3,0
2026-08-31,General Surgery Tray,Malfunction,Topic 5,0
2026-08-31,"Device, Irrigation, Ocular Surgery",Malfunction,Topic 6,0
2026-08-31,"Unit, Phacofragmentation",Malfunction,Topic 3,0
2026-08-31,General Surgery Tray,Malfunction,Topic 5,0
2026-08-31,General Surgery Tray,Malfunction,Topic 3,0
2026-08-31,General Surgery Tray,Malfunction,Topic 1,0
2026-08-31,Intraocular Pressure Lowering Implant,Injury,Topic 6,1
2026-08-31,"Lens, Multifocal Intraocular",Malfunction,Topic 2,0
2026-08-31,"Lens, Intraocular, Toric Optics",Malfunction,Topic 2,0
2026-08-31,General Surgery Tray,Malfunction,Topic 3,0
2026-08-31,General Surgery Tray,Malfunction,Topic 6,0
2026-08-28,General Surgery Tray,Malfunction,Topic 3,0
2026-08-28,General Surgery Tray,Malfunction,Topic 5,0
2026-08-28,General Surgery Tray,Malfunction,Topic 3,0
2026-08-28,General Surgery Tray,Malfunction,Topic 5,0
2026-08-28,General Surgery Tray,Malfunction,Topic 1,0
2026-08-28,General Surgery Tray,Malfunction,Topic 1,0
2026-08-28,"Unit, Phacofragmentation",Malfunction,Topic 5,0
2026-08-28,General Surgery Tray,Malfunction,Topic 1,0
2026-08-28,General Surgery Tray,Malfunction,Topic 5,0
2026-08-28,General Surgery Tray,Malfunction,Topic 6,0
2026-08-28,General Surgery Tray,Malfunction,Topic 3,0
2026-08-28,Ophthalmic Femtosecond Laser,Malfunction,Topic 6,0
2026-08-28,"Lens, Multifocal Intraocular",Injury,Topic 4,1
2026-08-28,"Unit, Phacofragmentation",Injury,Topic 6,1
2026-08-28,Intraocular Lens,Malfunction,Topic 2,0
2026-08-28,"Suture, Nonabsorbable, Synthetic, Polyam",Injury,Topic 6,1
2026-08-28,Extended Depth Of Focus Intraocular Lens,Injury,Topic 4,1
2026-08-28,Intraocular Lens,Injury,Topic 2,1
2026-08-28,"Lens, Multifocal Intraocular",Injury,Topic 4,1
2026-08-28,"Lens, Guide, Intraocular",Malfunction,Topic 2,0
2026-08-28,"Lens, Intraocular, Toric Optics",Injury,Topic 4,1
2026-08-28,"Laser, Ophthalmic",Malfunction,Topic 7,0
2026-08-28,"Unit, Phacofragmentation",Malfunction,Topic 6,0
2026-08-28,"Unit, Phacofragmentation",Malfunction,Topic 6,0
2026-08-28,"Unit, Phacofragmentation",Malfunction,Topic 7,0
2026-08-28,Intraocular Lens,Injury,Topic 2,1
2026-08-28,"Unit, Phacofragmentation",Malfunction,Topic 7,0
2026-08-28,"Unit, Phacofragmentation",Malfunction,Topic 6,0
2026-08-28,"Suture, Nonabsorbable, Synthetic, Polyam",Malfunction,Topic 6,0
2026-08-28,"Lens, Guide, Intraocular",Malfunction,Topic 2,0
2026-08-28,"Unit, Phacofragmentation",Malfunction,Topic 6,0
2026-08-28,"Unit, Phacofragmentation",Malfunction,Topic 6,0
2026-08-27,General Surgery Tray,Malfunction,Topic 8,0
2026-08-27,General Surgery Tray,Malfunction,Topic 8,0
2026-08-27,Intraocular Lens,Malfunction,Topic 2,0
2026-08-27,"Lens, Intraocular, Toric Optics",Malfunction,Topic 2,0
2026-08-27,"Unit, Phacofragmentation",Malfunction,Topic 8,0
2026-08-27,"Unit, Phacofragmentation",Malfunction,Topic 6,0
2026-08-27,"Tubing, Noninvasive",Malfunction,Topic 8,0
2026-08-27,General Surgery Tray,Malfunction,Topic 6,0
2026-08-27,General Surgery Tray,Malfunction,Topic 3,0
2026-08-27,General Surgery Tray,Malfunction,Topic 8,0
2026-08-27,General Surgery Tray,Malfunction,Topic 8,0
2026-08-27,"Folders And Injectors, Intraocular Lens ",Malfunction,Topic 2,0
2026-08-27,"Lens, Multifocal Intraocular",Malfunction,Topic 2,0
2026-08-27,Intraocular Lens,Malfunction,Topic 2,0
2026-08-27,"Lens, Intraocular, Toric Optics",Malfunction,Topic 7,0
2026-08-27,Intraocular Lens,Injury,Topic 4,1
2026-08-27,"Lens, Intraocular, Toric Optics",Injury,Topic 4,1
2026-08-27,Intraocular Lens,Malfunction,Topic 2,0
2026-08-27,Intraocular Lens,Malfunction,Topic 2,0
2026-08-27,"Lens, Intraocular, Toric Optics",Malfunction,Topic 2,0
2026-08-27,"Suture, Nonabsorbable, Synthetic, Polyam",Malfunction,Topic 7,0
2026-08-27,Intraocular Lens,Injury,Topic 2,1
2026-08-27,General Surgery Tray,Malfunction,Topic 3,0
2026-08-27,Intraocular Lens,Malfunction,Topic 2,0
2026-08-27,General Surgery Tray,Malfunction,Topic 1,0
2026-08-27,Extended Depth Of Focus Intraocular Lens,Injury,Topic 2,1
2026-08-27,Intraocular Lens,Malfunction,Topic 2,0
2026-08-27,Intraocular Lens,Malfunction,Topic 2,0
2026-08-27,General Surgery Tray,Malfunction,Topic 2,0
2026-08-27,"Unit, Phacofragmentation",Malfunction,Topic 6,0
2026-08-27,"Lens, Multifocal Intraocular",Malfunction,Topic 4,0
2026-08-27,General Surgery Tray,Malfunction,Topic 3,0
2026-08-27,"Lens, Intraocular, Toric Optics",Injury,Topic 4,1
2026-08-27,General Surgery Tray,Malfunction,Topic 3,0
2026-08-27,General Surgery Tray,Malfunction,Topic 1,0
2026-08-27,General Surgery Tray,Malfunction,Topic 3,0
2026-08-27,General Surgery Tray,Malfunction,Topic 8,0
2026-08-27,General Surgery Tray,Malfunction,Topic 3,0
2026-08-27,"Lens, Multifocal Intraocular",Injury,Topic 2,1
2026-08-27,"Lens, Intraocular, Toric Optics",Malfunction,Topic 2,0
2026-08-27,General Surgery Tray,Malfunction,Topic 3,0
2026-08-27,General Surgery Tray,Malfunction,Topic 5,0
2026-08-27,"Lens, Intraocular, Toric Optics",Malfunction,Topic 2,0
2026-08-27,"Lens, Multifocal Intraocular",Malfunction,Topic 2,0
2026-08-27,"Knife, Ophthalmic",Malfunction,Topic 6,0
2026-08-27,Intraocular Lens,Malfunction,Topic 2,0
2026-08-27,"Lens, Intraocular, Toric Optics",Malfunction,Topic 2,0
2026-08-27,"Instrument, Vitreous Aspiration And Cutt",Malfunction,Topic 5,0
2026-08-27,"Unit, Phacofragmentation",Malfunction,Topic 7,0
2026-08-27,Intraocular Lens,Malfunction,Topic 2,0
2026-08-27,Intraocular Lens,Malfunction,Topic 2,0
2026-08-27,"Lens, Intraocular, Toric Optics",Injury,Topic 4,1
2026-08-27,General Surgery Tray,Malfunction,Topic 5,0
2026-08-27,"Unit, Phacofragmentation",Malfunction,Topic 6,0
2026-08-27,"Unit, Phacofragmentation",Malfunction,Topic 7,0
2026-08-27,"Unit, Phacofragmentation",Malfunction,Topic 7,0
2026-08-27,General Surgery Tray,Malfunction,Topic 3,0
2026-08-27,Intraocular Lens,Malfunction,Topic 2,0
2026-08-27,Intraocular Lens,Malfunction,Topic 2,0
2026-08-27,Intraocular Lens,Malfunction,Topic 2,0
2026-08-27,General Surgery Tray,Malfunction,Topic 6,0
2026-08-27,"Knife, Ophthalmic",Malfunction,Topic 7,0
2026-08-27,"Unit, Phacofragmentation",Malfunction,Topic 6,0
2026-08-27,General Surgery Tray,Malfunction,Topic 3,0
2026-08-27,"Lens, Intraocular, Toric Optics",Injury,Topic 4,1
2026-08-27,General Surgery Tray,Malfunction,Topic 6,0
2026-08-27,"Aberrometer, Ophthalmic",Injury,Topic 4,1
2026-08-27,"Unit, Phacofragmentation",Malfunction,Topic 6,0
2026-08-26,General Surgery Tray,Malfunction,Topic 5,0
2026-08-26,General Surgery Tray,Malfunction,Topic 1,0
2026-08-26,General Surgery Tray,Malfunction,Topic 5,0
2026-08-26,General Surgery Tray,Malfunction,Topic 3,0
2026-08-26,General Surgery Tray,Malfunction,Topic 5,0
2026-08-26,"Unit, Phacofragmentation",Malfunction,Topic 7,0
2026-08-26,"Knife, Ophthalmic",Malfunction,Topic 7,0
2026-08-26,General Surgery Tray,Malfunction,Topic 3,0
2026-08-26,"Microscope, Operating & Accessories, Ac-",Malfunction,Topic 6,0
2026-08-26,"Laser, Ophthalmic",Malfunction,Topic 7,0
2026-08-26,General Surgery Tray,Malfunction,Topic 3,0
2026-08-26,General Surgery Tray,Malfunction,Topic 5,0
2026-08-26,"Instrument, Vitreous Aspiration And Cutt",Malfunction,Topic 5,0
2026-08-26,General Surgery Tray,Malfunction,Topic 3,0
2026-08-26,"Knife, Ophthalmic",Malfunction,Topic 3,0
2026-08-26,General Surgery Tray,Malfunction,Topic 5,0
2026-08-26,General Surgery Tray,Malfunction,Topic 5,0
2026-08-26,General Surgery Tray,Malfunction,Topic 1,0
2026-08-26,"Lens, Multifocal Intraocular",Injury,Topic 4,1
2026-08-26,General Surgery Tray,Malfunction,Topic 1,0
2026-08-26,"Instrument, Vitreous Aspiration And Cutt",Malfunction,Topic 5,0
2026-08-26,General Surgery Tray,Malfunction,Topic 3,0
2026-08-26,"Lens, Intraocular, Toric Optics",Malfunction,Topic 2,0
2026-08-26,"Cannula, Trocar, Ophthalmic",Malfunction,Topic 3,0
2026-08-26,"Instrument, Vitreous Aspiration And Cutt",Malfunction,Topic 1,0
2026-08-26,General Surgery Tray,Malfunction,Topic 8,0
2026-08-26,General Surgery Tray,Malfunction,Topic 6,0
2026-08-26,"Lens, Guide, Intraocular",Malfunction,Topic 2,0
2026-08-26,Intraocular Lens,Malfunction,Topic 2,0
2026-08-26,Intraocular Lens,Malfunction,Topic 2,0
2026-08-26,"Lens, Guide, Intraocular",Malfunction,Topic 2,0
2026-08-26,General Surgery Tray,Malfunction,Topic 3,0
2026-08-26,"Lenses, Soft Contact, Daily Wear",Injury,Topic 6,1
2026-08-26,General Surgery Tray,Malfunction,Topic 5,0
2026-08-26,"Device, Irrigation, Ocular Surgery",Malfunction,Topic 6,0
2026-08-26,Intraocular Lens,Malfunction,Topic 2,0
2026-08-26,Intraocular Pressure Lowering Implant,Malfunction,Topic 6,0
2026-08-26,"Knife, Ophthalmic",Malfunction,Topic 7,0
2026-08-26,Intraocular Lens,Malfunction,Topic 2,0
2026-08-26,"Lens, Intraocular, Toric Optics",Malfunction,Topic 2,0
2026-08-25,General Surgery Tray,Malfunction,Topic 8,0
2026-08-25,General Surgery Tray,Malfunction,Topic 6,0
2026-08-25,General Surgery Tray,Malfunction,Topic 3,0
2026-08-25,General Surgery Tray,Malfunction,Topic 6,0
2026-08-25,General Surgery Tray,Malfunction,Topic 3,0
2026-08-25,"Unit, Phacofragmentation",Malfunction,Topic 8,0
2026-08-25,"Unit, Phacofragmentation",Malfunction,Topic 5,0
2026-08-25,General Surgery Tray,Malfunction,Topic 5,0
2026-08-25,General Surgery Tray,Injury,Topic 3,1
2026-08-25,General Surgery Tray,Malfunction,Topic 5,0
2026-08-25,General Surgery Tray,Malfunction,Topic 6,0
2026-08-25,Intraocular Lens,Malfunction,Topic 2,0
2026-08-25,General Surgery Tray,Malfunction,Topic 3,0
2026-08-25,"Unit, Phacofragmentation",Malfunction,Topic 6,0
2026-08-25,General Surgery Tray,Malfunction,Topic 6,0
2026-08-25,"Unit, Phacofragmentation",Malfunction,Topic 6,0
2026-08-25,General Surgery Tray,Malfunction,Topic 8,0
2026-08-25,"Unit, Phacofragmentation",Malfunction,Topic 6,0
2026-08-25,Intraocular Lens,Malfunction,Topic 2,0
2026-08-25,Intraocular Lens,Malfunction,Topic 2,0
2026-08-25,"Lens, Intraocular, Toric Optics",Malfunction,Topic 2,0
2026-08-25,General Surgery Tray,Malfunction,Topic 3,0
2026-08-25,"Instrument, Vitreous Aspiration And Cutt",Malfunction,Topic 3,0
2026-08-25,General Surgery Tray,Malfunction,Topic 1,0
2026-08-25,General Surgery Tray,Malfunction,Topic 1,0
2026-08-25,General Surgery Tray,Malfunction,Topic 1,0
2026-08-25,General Surgery Tray,Malfunction,Topic 3,0
2026-08-25,Intraocular Lens,Malfunction,Topic 2,0
2026-08-25,"Lens, Intraocular, Toric Optics",Malfunction,Topic 2,0
2026-08-25,Intraocular Lens,Malfunction,Topic 2,0
2026-08-25,Intraocular Lens,Injury,Topic 4,1
2026-08-25,General Surgery Tray,Malfunction,Topic 3,0
2026-08-25,"Knife, Ophthalmic",Injury,Topic 6,1
2026-08-24,General Surgery Tray,Malfunction,Topic 8,0
2026-08-24,General Surgery Tray,Malfunction,Topic 6,0
2026-08-24,General Surgery Tray,Malfunction,Topic 3,0
2026-08-24,General Surgery Tray,Malfunction,Topic 8,0
2026-08-24,General Surgery Tray,Malfunction,Topic 3,0
2026-08-24,"Vitrectomy, Instrument Cutter",Malfunction,Topic 8,0
2026-08-24,General Surgery Tray,Malfunction,Topic 3,0
2026-08-24,General Surgery Tray,Malfunction,Topic 6,0
2026-08-24,Ophthalmic Femtosecond Laser,Malfunction,Topic 7,0
2026-08-24,General Surgery Tray,Malfunction,Topic 5,0
2026-08-24,"Suture, Nonabsorbable, Synthetic, Polyam",Malfunction,Topic 7,0
2026-08-24,"Microscope, Operating & Accessories, Ac-",Malfunction,Topic 7,0
2026-08-24,Intraocular Lens,Malfunction,Topic 2,0
2026-08-24,Intraocular Lens,Malfunction,Topic 2,0
2026-08-24,Intraocular Lens,Injury,Topic 4,1
2026-08-24,Intraocular Lens,Malfunction,Topic 2,0
2026-08-24,"Knife, Ophthalmic",Malfunction,Topic 7,0
2026-08-24,General Surgery Tray,Malfunction,Topic 5,0
2026-08-24,"Lens, Intraocular, Toric Optics",Malfunction,Topic 2,0
2026-08-24,"Lens, Guide, Intraocular",Malfunction,Topic 2,0
2026-08-24,Intraocular Lens,Malfunction,Topic 2,0
2026-08-24,Intraocular Lens,Malfunction,Topic 2,0
2026-08-24,General Surgery Tray,Malfunction,Topic 6,0
2026-08-24,"Lens, Multifocal Intraocular",Injury,Topic 4,1
2026-08-21,Intraocular Lens,Malfunction,Topic 2,0
2026-08-21,"Lens, Intraocular, Toric Optics",Malfunction,Topic 2,0
2026-08-21,Intraocular Lens,Malfunction,Topic 2,0
2026-08-21,General Surgery Tray,Malfunction,Topic 8,0
2026-08-21,General Surgery Tray,Malfunction,Topic 5,0
2026-08-21,"Lens, Intraocular, Toric Optics",Malfunction,Topic 2,0
2026-08-21,Intraocular Lens,Malfunction,Topic 2,0
2026-08-21,Intraocular Lens,Malfunction,Topic 2,0
2026-08-21,General Surgery Tray,Malfunction,Topic 5,0
2026-08-21,Intraocular Lens,Injury,Topic 4,1
2026-08-21,General Surgery Tray,Malfunction,Topic 6,0
2026-08-21,"Knife, Ophthalmic",Malfunction,Topic 7,0
2026-08-21,"Lens, Intraocular, Toric Optics",Injury,Topic 2,1
2026-08-21,"Lens, Intraocular, Toric Optics",Injury,Topic 2,1
2026-08-21,"Instrument, Vitreous Aspiration And Cutt",Malfunction,Topic 1,0
2026-08-21,"Lens, Multifocal Intraocular",Injury,Topic 4,1
2026-08-21,Intraocular Lens,Malfunction,Topic 2,0
2026-08-21,Intraocular Lens,Malfunction,Topic 2,0
2026-08-21,General Surgery Tray,Malfunction,Topic 6,0
2026-08-21,"Knife, Ophthalmic",Malfunction,Topic 7,0
2026-08-21,General Surgery Tray,Malfunction,Topic 3,0
2026-08-21,"Unit, Phacofragmentation",Injury,Topic 6,1
2026-08-21,Intraocular Lens,Injury,Topic 4,1
2026-08-21,Intraocular Lens,Injury,Topic 4,1
2026-08-21,Intraocular Lens,Malfunction,Topic 2,0
2026-08-21,Intraocular Lens,Malfunction,Topic 2,0
2026-08-21,"Unit, Phacofragmentation",Malfunction,Topic 1,0
2026-08-21,"Knife, Ophthalmic",Malfunction,Topic 7,0
2026-08-21,"Cannula, Trocar, Ophthalmic",Malfunction,Topic 7,0
2026-08-21,"Unit, Phacofragmentation",Malfunction,Topic 6,0
2026-08-21,"Knife, Ophthalmic",Malfunction,Topic 7,0
2026-08-21,"Unit, Phacofragmentation",Malfunction,Topic 7,0
2026-08-21,"Knife, Ophthalmic",Malfunction,Topic 7,0
2026-08-21,"Knife, Ophthalmic",Malfunction,Topic 7,0
2026-08-21,Intraocular Lens,Malfunction,Topic 2,0
2026-08-21,Extended Depth Of Focus Intraocular Lens,Injury,Topic 4,1
2026-08-21,Intraocular Lens,Malfunction,Topic 2,0
2026-08-21,"Unit, Phacofragmentation",Malfunction,Topic 7,0
2026-08-21,Intraocular Lens,Malfunction,Topic 2,0
2026-08-21,"Lens, Intraocular, Toric Optics",Malfunction,Topic 2,0
2026-08-21,"Knife, Ophthalmic",Malfunction,Topic 6,0
2026-08-21,General Surgery Tray,Malfunction,Topic 8,0
2026-08-21,General Surgery Tray,Malfunction,Topic 5,0
2026-08-21,"Unit, Phacofragmentation",Injury,Topic 6,1
2026-08-21,General Surgery Tray,Malfunction,Topic 8,0
2026-08-21,"Knife, Ophthalmic",Malfunction,Topic 7,0
2026-08-21,Intraocular Lens,Injury,Topic 4,1
2026-08-20,General Surgery Tray,Malfunction,Topic 1,0
2026-08-20,"Lens, Guide, Intraocular",Malfunction,Topic 2,0
2026-08-20,General Surgery Tray,Malfunction,Topic 6,0
2026-08-20,General Surgery Tray,Malfunction,Topic 5,0
2026-08-20,General Surgery Tray,Malfunction,Topic 3,0
2026-08-20,"Knife, Ophthalmic",Malfunction,Topic 7,0
2026-08-20,General Surgery Tray,Malfunction,Topic 8,0
2026-08-20,"Unit, Phacofragmentation",Malfunction,Topic 7,0
2026-08-20,General Surgery Tray,Malfunction,Topic 1,0
2026-08-20,"Knife, Ophthalmic",Malfunction,Topic 7,0
2026-08-20,General Surgery Tray,Malfunction,Topic 3,0
2026-08-20,"Knife, Ophthalmic",Malfunction,Topic 7,0
2026-08-20,"Cannula, Ophthalmic",Injury,Topic 6,1
2026-08-20,"Knife, Ophthalmic",Malfunction,Topic 7,0
2026-08-20,"Knife, Ophthalmic",Malfunction,Topic 7,0
2026-08-20,"Lens, Multifocal Intraocular",Malfunction,Topic 2,0
2026-08-20,Intraocular Lens,Malfunction,Topic 2,0
2026-08-20,"Knife, Ophthalmic",Malfunction,Topic 7,0
2026-08-20,"Unit, Phacofragmentation",Malfunction,Topic 1,0
2026-08-20,"Lens, Intraocular, Toric Optics",Malfunction,Topic 2,0
2026-08-20,"Lens, Intraocular, Toric Optics",Malfunction,Topic 2,0
2026-08-20,"Lens, Intraocular, Toric Optics",Injury,Topic 2,1
2026-08-20,Intraocular Lens,Malfunction,Topic 2,0
2026-08-20,Intraocular Lens,Injury,Topic 2,1
2026-08-20,"Cannula, Trocar, Ophthalmic",Malfunction,Topic 7,0
2026-08-20,"Knife, Ophthalmic",Malfunction,Topic 7,0
2026-08-20,"Knife, Ophthalmic",Malfunction,Topic 7,0
2026-08-20,"Lenses, Soft Contact, Daily Wear",Injury,Topic 6,1
2026-08-20,"Lens, Intraocular, Toric Optics",Injury,Topic 4,1
2026-08-20,Intraocular Lens,Injury,Topic 4,1
2026-08-20,Intraocular Lens,Malfunction,Topic 2,0
2026-08-20,"Lens, Intraocular, Toric Optics",Malfunction,Topic 2,0
2026-08-20,Intraocular Lens,Malfunction,Topic 6,0
2026-08-20,Intraocular Lens,Malfunction,Topic 2,0
2026-08-20,Intraocular Lens,Injury,Topic 4,1
2026-08-19,"Lenses, Soft Contact, Daily Wear",Injury,Topic 6,1
2026-08-19,General Surgery Tray,Malfunction,Topic 8,0
2026-08-19,"Lens, Multifocal Intraocular",Injury,Topic 4,1
2026-08-19,Intraocular Lens,Malfunction,Topic 2,0
2026-08-18,"Unit, Phacofragmentation",Malfunction,Topic 7,0
2026-08-18,General Surgery Tray,Malfunction,Topic 8,0
2026-08-18,Intraocular Lens,Injury,Topic 6,1
2026-08-18,General Surgery Tray,Malfunction,Topic 3,0
2026-08-18,"Lens, Multifocal Intraocular",Injury,Topic 4,1
2026-08-18,Intraocular Lens,Injury,Topic 4,1
2026-08-18,Intraocular Lens,Injury,Topic 4,1
2026-08-18,"Lens, Intraocular, Toric Optics",Injury,Topic 4,1
2026-08-18,"Lens, Intraocular, Toric Optics",Injury,Topic 4,1
2026-08-18,Intraocular Lens,Injury,Topic 4,1
2026-08-18,"Cannula, Trocar, Ophthalmic",Malfunction,Topic 8,0
2026-08-17,"Unit, Phacofragmentation",Malfunction,Topic 7,0
2026-08-17,General Surgery Tray,Injury,Topic 6,1
2026-08-17,Endoilluminator,Injury,Topic 6,1
2026-08-17,"Unit, Phacofragmentation",Injury,Topic 6,1
2026-08-17,General Surgery Tray,Malfunction,Topic 8,0
2026-08-17,General Surgery Tray,Malfunction,Topic 1,0
2026-08-17,General Surgery Tray,Malfunction,Topic 2,0
2026-08-17,General Surgery Tray,Malfunction,Topic 5,0
2026-08-17,General Surgery Tray,Malfunction,Topic 1,0
2026-08-17,General Surgery Tray,Malfunction,Topic 1,0
2026-08-17,General Surgery Tray,Malfunction,Topic 8,0
2026-08-17,General Surgery Tray,Malfunction,Topic 6,0
2026-08-17,General Surgery Tray,Malfunction,Topic 1,0
2026-08-17,General Surgery Tray,Malfunction,Topic 8,0
2026-08-17,General Surgery Tray,Malfunction,Topic 6,0
2026-08-17,"Lens, Intraocular, Toric Optics",Malfunction,Topic 2,0
2026-08-17,General Surgery Tray,Malfunction,Topic 8,0
2026-08-17,General Surgery Tray,Malfunction,Topic 3,0
2026-08-17,General Surgery Tray,Malfunction,Topic 1,0
2026-08-17,Intraocular Lens,Malfunction,Topic 2,0
2026-08-17,"Lens, Intraocular, Toric Optics",Injury,Topic 4,1
2026-08-17,"Unit, Phacofragmentation",Malfunction,Topic 6,0
2026-08-17,"Unit, Phacofragmentation",Injury,Topic 6,1
2026-08-17,Intraocular Lens,Malfunction,Topic 2,0
2026-08-17,General Surgery Tray,Malfunction,Topic 5,0
2026-08-17,"Laser, Ophthalmic",Malfunction,Topic 7,0
2026-08-17,General Surgery Tray,Malfunction,Topic 1,0
2026-08-17,"Lens, Intraocular, Toric Optics",Injury,Topic 4,1
2026-08-17,"Unit, Phacofragmentation",Malfunction,Topic 7,0
2026-08-17,Ophthalmic Femtosecond Laser,Malfunction,Topic 6,0
2026-08-17,Ophthalmic Femtosecond Laser,Malfunction,Topic 6,0
2026-08-17,"Lens, Guide, Intraocular",Malfunction,Topic 2,0
2026-08-17,General Surgery Tray,Malfunction,Topic 8,0
2026-08-14,General Surgery Tray,Malfunction,Topic 3,0
2026-08-14,"Unit, Phacofragmentation",Malfunction,Topic 6,0
2026-08-14,"Suture, Nonabsorbable, Synthetic, Polyam",Malfunction,Topic 7,0
2026-08-14,"Lens, Intraocular, Toric Optics",Injury,Topic 4,1
2026-08-14,"Lens, Intraocular, Toric Optics",Injury,Topic 4,1
2026-08-14,"Unit, Phacofragmentation",Injury,Topic 6,1
2026-08-14,General Surgery Tray,Malfunction,Topic 1,0
2026-08-14,"Suture, Nonabsorbable, Synthetic, Polyam",Injury,Topic 6,1
2026-08-14,Intraocular Lens,Malfunction,Topic 2,0
2026-08-14,"Lens, Multifocal Intraocular",Malfunction,Topic 2,0
2026-08-13,"Lens, Intraocular, Toric Optics",Injury,Topic 4,1
2026-08-13,Intraocular Lens,Malfunction,Topic 7,0
2026-08-13,"Lens, Intraocular, Toric Optics",Malfunction,Topic 2,0
2026-08-13,"Lens, Intraocular, Toric Optics",Malfunction,Topic 2,0
2026-08-13,Intraocular Lens,Injury,Topic 4,1
2026-08-13,"Knife, Ophthalmic",Malfunction,Topic 6,0
2026-08-13,General Surgery Tray,Malfunction,Topic 6,0
2026-08-13,"Suture, Nonabsorbable, Synthetic, Polypr",Malfunction,Topic 6,0
2026-08-13,"Lens, Intraocular, Toric Optics",Injury,Topic 4,1
2026-08-13,"Lens, Intraocular, Toric Optics",Injury,Topic 4,1
2026-08-13,"Unit, Phacofragmentation",Malfunction,Topic 8,0
2026-08-13,"Cannula, Ophthalmic",Malfunction,Topic 6,0
2026-08-13,Intraocular Lens,Injury,Topic 4,1
2026-08-13,General Surgery Tray,Malfunction,Topic 3,0
2026-08-13,"Lens, Intraocular, Toric Optics",Injury,Topic 4,1
2026-08-13,"Suture, Nonabsorbable, Synthetic, Polyam",Injury,Topic 6,1
2026-08-13,Intraocular Lens,Injury,Topic 6,1
2026-08-12,General Surgery Tray,Malfunction,Topic 1,0
2026-08-12,Intraocular Lens,Injury,Topic 4,1
2026-08-12,"Unit, Phacofragmentation",Malfunction,Topic 7,0
2026-08-12,General Surgery Tray,Malfunction,Topic 6,0
2026-08-12,General Surgery Tray,Malfunction,Topic 3,0
2026-08-12,"Unit, Phacofragmentation",Malfunction,Topic 6,0
2026-08-12,"Folders And Injectors, Intraocular Lens ",Malfunction,Topic 2,0
2026-08-12,"Folders And Injectors, Intraocular Lens ",Malfunction,Topic 2,0
2026-08-12,Intraocular Lens,Malfunction,Topic 2,0
2026-08-12,General Surgery Tray,Malfunction,Topic 1,0
2026-08-12,General Surgery Tray,Malfunction,Topic 8,0
2026-08-12,General Surgery Tray,Injury,Topic 3,1
2026-08-12,General Surgery Tray,Malfunction,Topic 5,0
2026-08-12,"Lens, Intraocular, Toric Optics",Malfunction,Topic 2,0
2026-08-12,"Lens, Intraocular, Toric Optics",Injury,Topic 4,1
2026-08-12,Intraocular Lens,Malfunction,Topic 2,0
2026-08-12,"Folders And Injectors, Intraocular Lens ",Malfunction,Topic 2,0
2026-08-11,Intraocular Lens,Malfunction,Topic 2,0
2026-08-11,General Surgery Tray,Malfunction,Topic 3,0
2026-08-11,General Surgery Tray,Malfunction,Topic 8,0
2026-08-11,General Surgery Tray,Malfunction,Topic 1,0
2026-08-11,Extended Depth Of Focus Intraocular Lens,Injury,Topic 4,1
2026-08-11,"Lens, Intraocular, Toric Optics",Injury,Topic 4,1
2026-08-11,General Surgery Tray,Injury,Topic 6,1
2026-08-11,"Cannula, Trocar, Ophthalmic",Malfunction,Topic 7,0
2026-08-11,General Surgery Tray,Malfunction,Topic 5,0
2026-08-11,"Instrument, Vitreous Aspiration And Cutt",Malfunction,Topic 5,0
2026-08-11,General Surgery Tray,Malfunction,Topic 1,0
2026-08-11,General Surgery Tray,Malfunction,Topic 5,0
2026-08-11,"Lens, Intraocular, Toric Optics",Injury,Topic 4,1
2026-08-11,General Surgery Tray,Malfunction,Topic 3,0
2026-08-11,Extended Depth Of Focus Intraocular Lens,Malfunction,Topic 2,0
2026-08-11,"Unit, Phacofragmentation",Malfunction,Topic 6,0
2026-08-11,"Lens, Intraocular, Toric Optics",Injury,Topic 4,1
2026-08-11,"Lens, Intraocular, Toric Optics",Injury,Topic 4,1
2026-08-11,Intraocular Lens,Malfunction,Topic 2,0
2026-08-11,"Lens, Intraocular, Toric Optics",Malfunction,Topic 2,0
2026-08-11,Intraocular Pressure Lowering Implant,Malfunction,Topic 7,0
2026-08-11,"Lens, Guide, Intraocular",Malfunction,Topic 2,0
2026-08-11,"Lens, Intraocular, Toric Optics",Malfunction,Topic 2,0
2026-08-11,General Surgery Tray,Malfunction,Topic 6,0
2026-08-11,"Microscope, Operating & Accessories, Ac-",Malfunction,Topic 7,0
2026-08-11,General Surgery Tray,Malfunction,Topic 1,0
2026-08-11,General Surgery Tray,Malfunction,Topic 1,0
2026-08-11,"Unit, Phacofragmentation",Injury,Topic 6,1
2026-08-11,"Unit, Phacofragmentation",Injury,Topic 6,1
2026-08-11,"Unit, Phacofragmentation",Injury,Topic 6,1
2026-08-11,"Lens, Intraocular, Toric Optics",Injury,Topic 4,1
2026-08-11,General Surgery Tray,Malfunction,Topic 3,0
2026-08-11,"Instrument, Vitreous Aspiration And Cutt",Malfunction,Topic 3,0
2026-08-11,"Lens, Intraocular, Toric Optics",Malfunction,Topic 2,0
2026-08-10,General Surgery Tray,Malfunction,Topic 8,0
2026-08-10,General Surgery Tray,Injury,Topic 6,1
2026-08-10,General Surgery Tray,Malfunction,Topic 3,0
2026-08-10,Ophthalmic Femtosecond Laser,Malfunction,Topic 6,0
2026-08-10,"Knife, Ophthalmic",Malfunction,Topic 7,0
2026-08-10,"Unit, Phacofragmentation",Malfunction,Topic 6,0
2026-08-10,"Lens, Intraocular, Toric Optics",Malfunction,Topic 2,0
2026-08-10,Intraocular Lens,Malfunction,Topic 2,0
2026-08-10,"Lens, Intraocular, Toric Optics",Malfunction,Topic 2,0
2026-08-10,General Surgery Tray,Malfunction,Topic 6,0
2026-08-10,"Lens, Multifocal Intraocular",Injury,Topic 4,1
2026-08-10,General Surgery Tray,Malfunction,Topic 6,0
2026-08-10,Intraocular Lens,Malfunction,Topic 2,0
2026-08-10,"Lens, Intraocular, Toric Optics",Malfunction,Topic 2,0
2026-08-10,"Lens, Multifocal Intraocular",Malfunction,Topic 2,0
2026-08-10,General Surgery Tray,Malfunction,Topic 5,0
2026-08-10,"Lens, Intraocular, Toric Optics",Malfunction,Topic 2,0
2026-08-10,General Surgery Tray,Malfunction,Topic 6,0
2026-08-10,"Fluid, Intraocular",Death,Topic 4,1
2026-08-10,Intraocular Lens,Injury,Topic 4,1
2026-08-10,General Surgery Tray,Malfunction,Topic 1,0
2026-08-10,"Unit, Phacofragmentation",Malfunction,Topic 7,0
2026-08-10,Intraocular Lens,Malfunction,Topic 2,0
2026-08-10,"Lens, Intraocular, Toric Optics",Malfunction,Topic 2,0
2026-08-10,"Lens, Intraocular, Toric Optics",Injury,Topic 4,1
2026-08-10,General Surgery Tray,Malfunction,Topic 1,0
2026-08-10,General Surgery Tray,Malfunction,Topic 1,0
2026-08-10,"Lens, Intraocular, Toric Optics",Malfunction,Topic 2,0
2026-08-10,General Surgery Tray,Malfunction,Topic 3,0
2026-08-10,"Lens, Intraocular, Toric Optics",Injury,Topic 4,1
2026-08-10,General Surgery Tray,Injury,Topic 6,1
2026-08-10,"Lens, Multifocal Intraocular",Injury,Topic 4,1
2026-08-10,Extended Depth Of Focus Intraocular Lens,Injury,Topic 4,1
2026-08-10,"Folders And Injectors, Intraocular Lens ",Malfunction,Topic 2,0
2026-08-10,Extended Depth Of Focus Intraocular Lens,Malfunction,Topic 2,0
2026-08-10,"Lens, Intraocular, Toric Optics",Malfunction,Topic 2,0
2026-08-10,Intraocular Lens,Malfunction,Topic 2,0
2026-08-10,"Knife, Ophthalmic",Malfunction,Topic 7,0
2026-08-10,General Surgery Tray,Malfunction,Topic 8,0
2026-08-09,General Surgery Tray,Malfunction,Topic 6,0
2026-08-09,"Knife, Ophthalmic",Malfunction,Topic 7,0
2026-08-09,General Surgery Tray,Malfunction,Topic 3,0
2026-08-07,General Surgery Tray,Malfunction,Topic 1,0
2026-08-07,"Device, Irrigation, Ocular Surgery",Malfunction,Topic 8,0
2026-08-07,"Unit, Phacofragmentation",Malfunction,Topic 6,0
2026-08-07,Intraocular Lens,Malfunction,Topic 2,0
2026-08-07,"Instrument, Vitreous Aspiration And Cutt",Malfunction,Topic 8,0
2026-08-07,"Lens, Multifocal Intraocular",Malfunction,Topic 2,0
2026-08-07,"Lens, Intraocular, Toric Optics",Injury,Topic 4,1
2026-08-07,Intraocular Pressure Lowering Implant,Malfunction,Topic 8,0
2026-08-06,General Surgery Tray,Injury,Topic 6,1
2026-08-06,"Catheter, Irrigation",Injury,Topic 6,1
2026-08-06,"Lens, Intraocular, Toric Optics",Malfunction,Topic 2,0
2026-08-06,"Cannula, Ophthalmic",Malfunction,Topic 7,0
2026-08-06,Intraocular Lens,Injury,Topic 4,1
2026-08-06,Intraocular Lens,Malfunction,Topic 2,0
2026-08-06,"Lens, Intraocular, Toric Optics",Injury,Topic 4,1
2026-08-06,"Unit, Phacofragmentation",Malfunction,Topic 7,0
2026-08-05,"Unit, Phacofragmentation",Malfunction,Topic 7,0
2026-08-05,"Lens, Multifocal Intraocular",Injury,Topic 2,1
2026-08-05,General Surgery Tray,Malfunction,Topic 3,0
2026-08-05,"Unit, Phacofragmentation",Injury,Topic 6,1
2026-08-05,"Unit, Phacofragmentation",Injury,Topic 6,1
2026-08-05,"Knife, Ophthalmic",Malfunction,Topic 6,0
2026-08-05,"Unit, Phacofragmentation",Injury,Topic 6,1
2026-08-05,"Unit, Phacofragmentation",Malfunction,Topic 7,0
2026-08-04,Intraocular Lens,Malfunction,Topic 2,0
2026-08-04,General Surgery Tray,Malfunction,Topic 5,0
2026-08-04,General Surgery Tray,Malfunction,Topic 8,0
2026-08-04,General Surgery Tray,Malfunction,Topic 8,0
2026-08-04,"Vitrectomy, Instrument Cutter",Malfunction,Topic 8,0
2026-08-04,General Surgery Tray,Malfunction,Topic 3,0
2026-08-04,General Surgery Tray,Malfunction,Topic 3,0
2026-08-04,General Surgery Tray,Malfunction,Topic 1,0
2026-08-04,General Surgery Tray,Malfunction,Topic 3,0
2026-08-04,General Surgery Tray,Malfunction,Topic 5,0
2026-08-04,Intraocular Lens,Malfunction,Topic 2,0
2026-08-04,General Surgery Tray,Malfunction,Topic 1,0
2026-08-04,"Unit, Phacofragmentation",Malfunction,Topic 7,0
2026-08-04,General Surgery Tray,Malfunction,Topic 8,0
2026-08-04,General Surgery Tray,Malfunction,Topic 5,0
2026-08-04,"Suture, Nonabsorbable, Synthetic, Polyam",Malfunction,Topic 6,0
2026-08-04,General Surgery Tray,Malfunction,Topic 1,0
2026-08-04,General Surgery Tray,Malfunction,Topic 3,0
2026-08-04,General Surgery Tray,Malfunction,Topic 8,0
2026-08-04,General Surgery Tray,Malfunction,Topic 8,0
2026-08-04,General Surgery Tray,Malfunction,Topic 1,0
2026-08-04,Intraocular Lens,Malfunction,Topic 2,0
2026-08-04,"Lens, Multifocal Intraocular",Malfunction,Topic 2,0
2026-08-04,"Lens, Intraocular, Toric Optics",Malfunction,Topic 2,0
2026-08-04,"Lens, Intraocular, Toric Optics",Injury,Topic 4,1
2026-08-04,General Surgery Tray,Malfunction,Topic 6,0
2026-08-04,General Surgery Tray,Malfunction,Topic 6,0
2026-08-04,General Surgery Tray,Malfunction,Topic 3,0
2026-08-03,Extended Depth Of Focus Intraocular Lens,Injury,Topic 4,1
2026-08-03,"Knife, Ophthalmic",Malfunction,Topic 7,0
2026-08-03,Intraocular Lens,Malfunction,Topic 2,0
2026-08-03,Intraocular Lens,Malfunction,Topic 2,0
2026-08-03,Intraocular Lens,Malfunction,Topic 2,0
2026-08-03,"Knife, Ophthalmic",Malfunction,Topic 6,0
2026-08-03,General Surgery Tray,Malfunction,Topic 1,0
2026-08-03,"Cannula, Trocar, Ophthalmic",Malfunction,Topic 7,0
2026-08-03,Intraocular Lens,Malfunction,Topic 2,0
2026-08-03,General Surgery Tray,Malfunction,Topic 1,0
2026-08-03,"Lens, Intraocular, Toric Optics",Injury,Topic 4,1
2026-08-03,Intraocular Lens,Injury,Topic 6,1
2026-07-31,Intraocular Lens,Malfunction,Topic 2,0
2026-07-31,"Lens, Intraocular, Toric Optics",Malfunction,Topic 2,0
2026-07-31,"Unit, Phacofragmentation",Injury,Topic 6,1
2026-07-31,"Unit, Phacofragmentation",Injury,Topic 6,1
2026-07-31,"Unit, Phacofragmentation",Injury,Topic 6,1
2026-07-31,General Surgery Tray,Malfunction,Topic 5,0
2026-07-31,"Unit, Phacofragmentation",Injury,Topic 6,1
2026-07-31,"Unit, Phacofragmentation",Injury,Topic 6,1
2026-07-31,"Unit, Phacofragmentation",Injury,Topic 6,1
2026-07-31,General Surgery Tray,Malfunction,Topic 3,0
2026-07-31,"Unit, Phacofragmentation",Injury,Topic 6,1
2026-07-31,"Unit, Phacofragmentation",Injury,Topic 6,1
2026-07-31,"Unit, Phacofragmentation",Injury,Topic 6,1
2026-07-31,"Unit, Phacofragmentation",Injury,Topic 6,1
2026-07-31,"Unit, Phacofragmentation",Malfunction,Topic 7,0
2026-07-31,"Unit, Phacofragmentation",Malfunction,Topic 6,0
2026-07-31,Intraocular Lens,Injury,Topic 2,1
2026-07-31,General Surgery Tray,Malfunction,Topic 3,0
2026-07-31,General Surgery Tray,Malfunction,Topic 8,0
2026-07-31,"Vitrectomy, Instrument Cutter",Malfunction,Topic 1,0
2026-07-31,"Knife, Ophthalmic",Malfunction,Topic 7,0
2026-07-31,"Knife, Ophthalmic",Malfunction,Topic 7,0
2026-07-31,"Lens, Intraocular, Toric Optics",Injury,Topic 4,1
2026-07-31,"Lens, Intraocular, Toric Optics",Injury,Topic 4,1
2026-07-31,"Unit, Phacofragmentation",Injury,Topic 6,1
2026-07-31,"Unit, Phacofragmentation",Injury,Topic 6,1
2026-07-31,"Unit, Phacofragmentation",Injury,Topic 6,1
2026-07-31,"Unit, Phacofragmentation",Injury,Topic 6,1
2026-07-31,"Unit, Phacofragmentation",Injury,Topic 6,1
2026-07-31,"Unit, Phacofragmentation",Injury,Topic 6,1
2026-07-31,"Lens, Multifocal Intraocular",Injury,Topic 4,1
2026-07-31,"Lens, Intraocular, Toric Optics",Injury,Topic 4,1
2026-07-31,"Unit, Phacofragmentation",Injury,Topic 7,1
2026-07-31,Extended Depth Of Focus Intraocular Lens,Injury,Topic 4,1
2026-07-31,"Lens, Intraocular, Toric Optics",Injury,Topic 4,1
2026-07-31,"Unit, Phacofragmentation",Injury,Topic 6,1
2026-07-31,"Lens, Intraocular, Toric Optics",Injury,Topic 4,1
2026-07-31,"Unit, Phacofragmentation",Injury,Topic 6,1
2026-07-31,Intraocular Lens,Injury,Topic 2,1
2026-07-31,"Unit, Phacofragmentation",Injury,Topic 6,1
2026-07-30,"Unit, Phacofragmentation",Injury,Topic 6,1
2026-07-30,General Surgery Tray,Malfunction,Topic 6,0
2026-07-30,"Lens, Intraocular, Toric Optics",Injury,Topic 4,1
2026-07-30,"Lens, Intraocular, Toric Optics",Injury,Topic 4,1
2026-07-30,"Lens, Intraocular, Toric Optics",Injury,Topic 4,1
2026-07-30,"Lens, Intraocular, Toric Optics",Injury,Topic 4,1
2026-07-30,"Lens, Intraocular, Toric Optics",Injury,Topic 4,1
2026-07-30,Intraocular Pressure Lowering Implant,Malfunction,Topic 8,0
2026-07-30,Intraocular Pressure Lowering Implant,Malfunction,Topic 7,0
2026-07-30,"Lens, Intraocular, Toric Optics",Injury,Topic 4,1
2026-07-30,Intraocular Pressure Lowering Implant,Malfunction,Topic 8,0
2026-07-29,General Surgery Tray,Malfunction,Topic 6,0
2026-07-29,General Surgery Tray,Malfunction,Topic 5,0
2026-07-29,"Vitrectomy, Instrument Cutter",Malfunction,Topic 1,0
2026-07-29,"Unit, Phacofragmentation",Malfunction,Topic 7,0
2026-07-29,"Unit, Phacofragmentation",Malfunction,Topic 7,0
2026-07-29,General Surgery Tray,Malfunction,Topic 1,0
2026-07-29,"Unit, Phacofragmentation",Malfunction,Topic 6,0
2026-07-29,"Unit, Phacofragmentation",Malfunction,Topic 6,0
2026-07-29,General Surgery Tray,Malfunction,Topic 3,0
2026-07-28,General Surgery Tray,Malfunction,Topic 1,0
2026-07-28,General Surgery Tray,Malfunction,Topic 3,0
2026-07-28,General Surgery Tray,Malfunction,Topic 5,0
2026-07-28,"Tubing, Noninvasive",Malfunction,Topic 8,0
2026-07-28,General Surgery Tray,Malfunction,Topic 1,0
2026-07-28,General Surgery Tray,Malfunction,Topic 3,0
2026-07-28,General Surgery Tray,Malfunction,Topic 8,0
2026-07-28,General Surgery Tray,Malfunction,Topic 5,0
2026-07-28,General Surgery Tray,Malfunction,Topic 8,0
2026-07-28,General Surgery Tray,Injury,Topic 6,1
2026-07-28,General Surgery Tray,Malfunction,Topic 3,0
2026-07-28,General Surgery Tray,Malfunction,Topic 3,0
2026-07-28,Intraocular Lens,Injury,Topic 4,1
2026-07-28,Intraocular Lens,Injury,Topic 4,1
2026-07-28,General Surgery Tray,Malfunction,Topic 1,0
2026-07-28,General Surgery Tray,Malfunction,Topic 1,0
2026-07-28,General Surgery Tray,Malfunction,Topic 3,0
2026-07-28,"Lens, Intraocular, Toric Optics",Injury,Topic 4,1
2026-07-28,Intraocular Lens,Malfunction,Topic 2,0
2026-07-28,Intraocular Lens,Malfunction,Topic 2,0
2026-07-28,Ophthalmic Femtosecond Laser,Injury,Topic 8,1
2026-07-28,Intraocular Lens,Malfunction,Topic 2,0
2026-07-28,"Unit, Phacofragmentation",Injury,Topic 6,1
2026-07-28,"Unit, Phacofragmentation",Malfunction,Topic 1,0
2026-07-28,General Surgery Tray,Malfunction,Topic 5,0
2026-07-27,"Cannula, Trocar, Ophthalmic",Malfunction,Topic 7,0
2026-07-27,"Lens, Intraocular, Toric Optics",Injury,Topic 4,1
2026-07-27,"Unit, Phacofragmentation",Malfunction,Topic 6,0
2026-07-27,"Unit, Phacofragmentation",Malfunction,Topic 6,0
2026-07-27,General Surgery Tray,Malfunction,Topic 5,0
2026-07-27,Intraocular Lens,Malfunction,Topic 2,0
2026-07-27,"Unit, Phacofragmentation",Malfunction,Topic 7,0
2026-07-27,Intraocular Lens,Malfunction,Topic 2,0
2026-07-27,"Unit, Phacofragmentation",Malfunction,Topic 7,0
2026-07-27,Intraocular Lens,Injury,Topic 4,1
2026-07-27,Intraocular Lens,Injury,Topic 4,1
2026-07-27,Intraocular Lens,Injury,Topic 4,1
2026-07-27,General Surgery Tray,Malfunction,Topic 1,0
2026-07-27,"Unit, Phacofragmentation",Malfunction,Topic 6,0
2026-07-27,Extended Depth Of Focus Intraocular Lens,Injury,Topic 4,1
2026-07-27,General Surgery Tray,Malfunction,Topic 6,0
2026-07-27,"Lens, Intraocular, Toric Optics",Injury,Topic 4,1
2026-07-27,Intraocular Lens,Malfunction,Topic 2,0
2026-07-27,Intraocular Lens,Injury,Topic 4,1
2026-07-22,General Surgery Tray,Malfunction,Topic 3,0
2026-07-22,"Instrument, Vitreous Aspiration And Cutt",Malfunction,Topic 1,0
2026-07-22,General Surgery Tray,Malfunction,Topic 1,0
2026-07-22,General Surgery Tray,Malfunction,Topic 8,0
2026-07-22,General Surgery Tray,Malfunction,Topic 3,0
2026-07-22,General Surgery Tray,Malfunction,Topic 1,0
2026-07-22,"Instrument, Vitreous Aspiration And Cutt",Malfunction,Topic 3,0
2026-07-22,General Surgery Tray,Malfunction,Topic 6,0
2026-07-22,General Surgery Tray,Malfunction,Topic 5,0
2026-07-22,General Surgery Tray,Malfunction,Topic 3,0
2026-07-22,"Unit, Phacofragmentation",Injury,Topic 6,1
2026-07-22,"Unit, Phacofragmentation",Injury,Topic 6,1
2026-07-22,"Unit, Phacofragmentation",Injury,Topic 6,1
2026-07-22,"Unit, Phacofragmentation",Injury,Topic 6,1
2026-07-22,"Unit, Phacofragmentation",Injury,Topic 6,1
2026-07-22,"Unit, Phacofragmentation",Injury,Topic 6,1
2026-07-22,"Unit, Phacofragmentation",Injury,Topic 6,1
2026-07-22,"Unit, Phacofragmentation",Injury,Topic 6,1
2026-07-22,"Unit, Phacofragmentation",Injury,Topic 6,1
2026-07-22,"Unit, Phacofragmentation",Injury,Topic 6,1
2026-07-22,Intraocular Pressure Lowering Implant,Malfunction,Topic 2,0
2026-07-22,General Surgery Tray,Malfunction,Topic 8,0
2026-07-22,"Unit, Phacofragmentation",Injury,Topic 6,1
2026-07-22,Ophthalmic Femtosecond Laser,Injury,Topic 6,1
2026-07-22,General Surgery Tray,Malfunction,Topic 3,0
2026-07-22,"Lens, Multifocal Intraocular",Injury,Topic 2,1
2026-07-22,"Unit, Phacofragmentation",Malfunction,Topic 7,0
2026-07-22,"Lens, Intraocular, Toric Optics",Injury,Topic 4,1
2026-07-22,Intraocular Lens,Injury,Topic 4,1
2026-07-22,"Aberrometer, Ophthalmic",Injury,Topic 6,1
2026-07-22,Intraocular Lens,Malfunction,Topic 2,0
2026-07-22,Intraocular Lens,Injury,Topic 4,1
2026-07-22,Intraocular Pressure Lowering Implant,Injury,Topic 7,1
2026-07-22,"Unit, Phacofragmentation",Injury,Topic 6,1
2026-07-22,General Surgery Tray,Injury,Topic 6,1
2026-07-22,Intraocular Lens,Injury,Topic 2,1
2026-07-22,"Unit, Phacofragmentation",Injury,Topic 8,1
2026-07-22,"Lens, Intraocular, Toric Optics",Injury,Topic 4,1
2026-07-22,General Surgery Tray,Malfunction,Topic 5,0
2026-07-22,"Lens, Intraocular, Toric Optics",Injury,Topic 4,1
2026-07-22,Intraocular Lens,Malfunction,Topic 2,0
2026-07-22,"Unit, Phacofragmentation",Injury,Topic 6,1
2026-07-22,"Unit, Phacofragmentation",Injury,Topic 6,1
2026-07-22,"Unit, Phacofragmentation",Injury,Topic 6,1
2026-07-22,"Lens, Intraocular, Toric Optics",Injury,Topic 2,1
2026-07-22,General Surgery Tray,Malfunction,Topic 3,0
2026-07-22,"Cannula, Ophthalmic",Injury,Topic 6,1
2026-07-22,Ophthalmic Femtosecond Laser,Injury,Topic 6,1
2026-07-22,General Surgery Tray,Malfunction,Topic 6,0
2026-07-22,General Surgery Tray,Malfunction,Topic 3,0
2026-07-22,General Surgery Tray,Injury,Topic 6,1
2026-07-22,Intraocular Lens,Malfunction,Topic 2,0
2026-07-22,General Surgery Tray,Malfunction,Topic 8,0
2026-07-22,"Unit, Phacofragmentation",Injury,Topic 6,1
2026-07-21,General Surgery Tray,Malfunction,Topic 5,0
2026-07-21,General Surgery Tray,Malfunction,Topic 8,0
2026-07-21,"Instrument, Vitreous Aspiration And Cutt",Malfunction,Topic 5,0
2026-07-21,General Surgery Tray,Malfunction,Topic 8,0
2026-07-21,General Surgery Tray,Malfunction,Topic 3,0
2026-07-21,General Surgery Tray,Malfunction,Topic 3,0
2026-07-21,Intraocular Lens,Injury,Topic 4,1
2026-07-21,"Instrument, Vitreous Aspiration And Cutt",Malfunction,Topic 3,0
2026-07-21,General Surgery Tray,Malfunction,Topic 1,0
2026-07-21,"Instrument, Vitreous Aspiration And Cutt",Malfunction,Topic 3,0
2026-07-21,General Surgery Tray,Malfunction,Topic 5,0
2026-07-21,General Surgery Tray,Malfunction,Topic 3,0
2026-07-21,General Surgery Tray,Malfunction,Topic 6,0
2026-07-21,General Surgery Tray,Malfunction,Topic 1,0
2026-07-21,Intraocular Lens,Injury,Topic 4,1
2026-07-21,"Unit, Phacofragmentation",Injury,Topic 7,1
2026-07-21,General Surgery Tray,Malfunction,Topic 1,0
2026-07-21,Intraocular Lens,Malfunction,Topic 2,0
2026-07-21,Intraocular Lens,Malfunction,Topic 2,0
2026-07-21,Intraocular Lens,Injury,Topic 2,1
2026-07-21,General Surgery Tray,Malfunction,Topic 3,0
2026-07-21,Intraocular Lens,Injury,Topic 4,1
2026-07-21,General Surgery Tray,Malfunction,Topic 1,0
2026-07-21,General Surgery Tray,Malfunction,Topic 3,0
2026-07-21,"Lens, Intraocular, Toric Optics",Injury,Topic 4,1
2026-07-21,Extended Depth Of Focus Intraocular Lens,Injury,Topic 4,1
2026-07-21,General Surgery Tray,Malfunction,Topic 8,0
2026-07-21,General Surgery Tray,Malfunction,Topic 5,0
2026-07-21,Intraocular Lens,Malfunction,Topic 2,0
2026-07-21,"Unit, Phacofragmentation",Malfunction,Topic 1,0
2026-07-21,General Surgery Tray,Malfunction,Topic 1,0
2026-07-21,General Surgery Tray,Malfunction,Topic 1,0
2026-07-21,General Surgery Tray,Malfunction,Topic 6,0
2026-07-21,Intraocular Lens,Malfunction,Topic 2,0
2026-07-21,"Lens, Intraocular, Toric Optics",Injury,Topic 4,1
2026-07-21,Intraocular Lens,Injury,Topic 2,1
2026-07-21,General Surgery Tray,Malfunction,Topic 1,0
2026-07-21,General Surgery Tray,Malfunction,Topic 1,0
2026-07-21,General Surgery Tray,Malfunction,Topic 1,0
2026-07-21,General Surgery Tray,Malfunction,Topic 3,0
2026-07-20,Ophthalmic Femtosecond Laser,Malfunction,Topic 6,0
2026-07-20,General Surgery Tray,Malfunction,Topic 5,0
2026-07-20,General Surgery Tray,Malfunction,Topic 5,0
2026-07-20,General Surgery Tray,Malfunction,Topic 8,0
2026-07-20,General Surgery Tray,Malfunction,Topic 5,0
2026-07-20,General Surgery Tray,Malfunction,Topic 3,0
2026-07-20,General Surgery Tray,Malfunction,Topic 3,0
2026-07-20,"Instrument, Vitreous Aspiration And Cutt",Malfunction,Topic 1,0
2026-07-20,"Vitrectomy, Instrument Cutter",Malfunction,Topic 5,0
2026-07-20,General Surgery Tray,Malfunction,Topic 1,0
2026-07-20,General Surgery Tray,Malfunction,Topic 3,0
2026-07-20,"Accessories, Soft Lens Products",Injury,Topic 6,1
2026-07-20,"Forceps, Ophthalmic",Malfunction,Topic 6,0
2026-07-20,"Unit, Phacofragmentation",Injury,Topic 4,1
2026-07-20,"Forceps, Ophthalmic",Malfunction,Topic 6,0
2026-07-20,"Unit, Phacofragmentation",Malfunction,Topic 1,0
2026-07-20,General Surgery Tray,Malfunction,Topic 3,0
2026-07-20,General Surgery Tray,Injury,Topic 6,1
2026-07-20,"Unit, Phacofragmentation",Malfunction,Topic 8,0
2026-07-20,General Surgery Tray,Malfunction,Topic 8,0
2026-07-20,"Lens, Multifocal Intraocular",Injury,Topic 4,1
2026-07-20,"Unit, Phacofragmentation",Malfunction,Topic 7,0
2026-07-20,"Unit, Phacofragmentation",Injury,Topic 6,1
2026-07-20,"Unit, Phacofragmentation",Injury,Topic 6,1
2026-07-20,General Surgery Tray,Malfunction,Topic 3,0
2026-07-20,General Surgery Tray,Malfunction,Topic 1,0
2026-07-20,"Instrument, Vitreous Aspiration And Cutt",Malfunction,Topic 8,0
2026-07-20,"Lens, Intraocular, Toric Optics",Malfunction,Topic 2,0
2026-07-20,"Cannula, Trocar, Ophthalmic",Malfunction,Topic 8,0
2026-07-20,"Unit, Phacofragmentation",Malfunction,Topic 7,0
2026-07-19,General Surgery Tray,Malfunction,Topic 1,0
2026-07-19,General Surgery Tray,Malfunction,Topic 1,0
2026-07-19,General Surgery Tray,Malfunction,Topic 8,0
2026-07-19,General Surgery Tray,Malfunction,Topic 1,0
2026-07-19,General Surgery Tray,Malfunction,Topic 1,0
2026-07-18,"Unit, Phacofragmentation",Injury,Topic 6,1
2026-07-18,"Unit, Phacofragmentation",Injury,Topic 6,1
2026-07-17,General Surgery Tray,Malfunction,Topic 6,0
2026-07-17,"Instrument, Vitreous Aspiration And Cutt",Malfunction,Topic 5,0
2026-07-17,General Surgery Tray,Malfunction,Topic 8,0
2026-07-17,General Surgery Tray,Malfunction,Topic 3,0
2026-07-17,General Surgery Tray,Malfunction,Topic 5,0
2026-07-17,General Surgery Tray,Malfunction,Topic 6,0
2026-07-17,"Lens, Intraocular, Toric Optics",Malfunction,Topic 2,0
2026-07-17,General Surgery Tray,Malfunction,Topic 1,0
2026-07-17,General Surgery Tray,Malfunction,Topic 3,0
2026-07-17,General Surgery Tray,Malfunction,Topic 5,0
2026-07-17,General Surgery Tray,Malfunction,Topic 5,0
2026-07-17,General Surgery Tray,Malfunction,Topic 3,0
2026-07-17,General Surgery Tray,Malfunction,Topic 8,0
2026-07-17,"Knife, Ophthalmic",Malfunction,Topic 7,0
2026-07-17,"Knife, Ophthalmic",Malfunction,Topic 7,0
2026-07-17,General Surgery Tray,Malfunction,Topic 1,0
2026-07-17,Intraocular Lens,Malfunction,Topic 2,0
2026-07-17,General Surgery Tray,Malfunction,Topic 5,0
2026-07-17,General Surgery Tray,Malfunction,Topic 3,0
2026-07-17,General Surgery Tray,Malfunction,Topic 8,0
2026-07-17,General Surgery Tray,Malfunction,Topic 1,0
2026-07-17,General Surgery Tray,Malfunction,Topic 1,0
2026-07-17,General Surgery Tray,Malfunction,Topic 3,0
2026-07-17,General Surgery Tray,Malfunction,Topic 5,0
2026-07-17,General Surgery Tray,Malfunction,Topic 6,0
2026-07-17,General Surgery Tray,Malfunction,Topic 6,0
2026-07-17,Intraocular Lens,Malfunction,Topic 2,0
2026-07-17,"Device, Irrigation, Ocular Surgery",Malfunction,Topic 6,0
2026-07-17,Intraocular Lens,Malfunction,Topic 2,0
2026-07-17,General Surgery Tray,Malfunction,Topic 3,0
2026-07-17,General Surgery Tray,Injury,Topic 6,1
2026-07-17,General Surgery Tray,Malfunction,Topic 3,0
2026-07-17,"Suture, Nonabsorbable, Synthetic, Polyam",Malfunction,Topic 7,0
2026-07-17,General Surgery Tray,Malfunction,Topic 3,0
2026-07-17,Intraocular Lens,Injury,Topic 2,1
2026-07-17,Intraocular Lens,Malfunction,Topic 2,0
2026-07-17,"Lens, Intraocular, Toric Optics",Injury,Topic 4,1
2026-07-17,Intraocular Lens,Malfunction,Topic 2,0
2026-07-17,"Lens, Intraocular, Toric Optics",Injury,Topic 4,1
2026-07-17,Intraocular Lens,Malfunction,Topic 2,0
2026-07-17,"Lens, Intraocular, Toric Optics",Injury,Topic 4,1
2026-07-17,"Unit, Phacofragmentation",Malfunction,Topic 6,0
2026-07-17,"Unit, Phacofragmentation",Injury,Topic 6,1
2026-07-17,"Forceps, Ophthalmic",Injury,Topic 6,1
2026-07-17,"Forceps, Ophthalmic",Injury,Topic 6,1
2026-07-17,"Device, Irrigation, Ocular Surgery",Injury,Topic 6,1
2026-07-17,"Unit, Phacofragmentation",Injury,Topic 6,1
2026-07-17,"Instrument, Vitreous Aspiration And Cutt",Injury,Topic 6,1
2026-07-17,General Surgery Tray,Malfunction,Topic 6,0
2026-07-17,General Surgery Tray,Injury,Topic 6,1
2026-07-17,General Surgery Tray,Injury,Topic 6,1
2026-07-17,"Unit, Phacofragmentation",Injury,Topic 6,1
2026-07-17,"Unit, Phacofragmentation",Injury,Topic 6,1
2026-07-17,"Unit, Phacofragmentation",Injury,Topic 6,1
2026-07-17,"Unit, Phacofragmentation",Injury,Topic 6,1
2026-07-17,"Unit, Phacofragmentation",Injury,Topic 6,1
2026-07-17,"Unit, Phacofragmentation",Injury,Topic 6,1
2026-07-17,"Unit, Phacofragmentation",Injury,Topic 6,1
2026-07-17,"Unit, Phacofragmentation",Injury,Topic 6,1
2026-07-17,"Unit, Phacofragmentation",Injury,Topic 6,1
2026-07-17,"Unit, Phacofragmentation",Injury,Topic 6,1
2026-07-17,"Unit, Phacofragmentation",Malfunction,Topic 8,0
2026-07-17,Intraocular Lens,Malfunction,Topic 2,0
2026-07-16,General Surgery Tray,Malfunction,Topic 1,0
2026-07-16,General Surgery Tray,Malfunction,Topic 3,0
2026-07-16,General Surgery Tray,Malfunction,Topic 8,0
2026-07-16,"Instrument, Vitreous Aspiration And Cutt",Malfunction,Topic 3,0
2026-07-16,General Surgery Tray,Malfunction,Topic 1,0
2026-07-16,"Vitrectomy, Instrument Cutter",Malfunction,Topic 1,0
2026-07-16,General Surgery Tray,Malfunction,Topic 8,0
2026-07-16,General Surgery Tray,Malfunction,Topic 8,0
2026-07-16,General Surgery Tray,Malfunction,Topic 3,0
2026-07-16,General Surgery Tray,Malfunction,Topic 8,0
2026-07-16,General Surgery Tray,Malfunction,Topic 8,0
2026-07-16,General Surgery Tray,Malfunction,Topic 3,0
2026-07-16,General Surgery Tray,Malfunction,Topic 8,0
2026-07-16,Intraocular Lens,Malfunction,Topic 2,0
2026-07-16,Intraocular Lens,Malfunction,Topic 2,0
2026-07-16,Intraocular Lens,Malfunction,Topic 2,0
2026-07-16,"Lens, Intraocular, Toric Optics",Injury,Topic 4,1
2026-07-16,"Lens, Intraocular, Toric Optics",Injury,Topic 4,1
2026-07-16,"Unit, Phacofragmentation",Injury,Topic 6,1
2026-07-16,Intraocular Lens,Malfunction,Topic 2,0
2026-07-16,General Surgery Tray,Malfunction,Topic 1,0
2026-07-16,General Surgery Tray,Malfunction,Topic 8,0
2026-07-16,General Surgery Tray,Malfunction,Topic 1,0
2026-07-16,"Forceps, Ophthalmic",Malfunction,Topic 7,0
2026-07-16,General Surgery Tray,Malfunction,Topic 5,0
2026-07-16,"Unit, Phacofragmentation",Malfunction,Topic 6,0
2026-07-16,"Lens, Intraocular, Toric Optics",Malfunction,Topic 2,0
2026-07-16,General Surgery Tray,Malfunction,Topic 6,0
2026-07-16,Intraocular Lens,Malfunction,Topic 2,0
2026-07-16,"Lens, Guide, Intraocular",Malfunction,Topic 2,0
2026-07-16,General Surgery Tray,Malfunction,Topic 6,0
2026-07-16,Intraocular Lens,Injury,Topic 4,1
2026-07-16,General Surgery Tray,Malfunction,Topic 1,0
2026-07-16,"Lens, Guide, Intraocular",Malfunction,Topic 2,0
2026-07-16,Intraocular Lens,Injury,Topic 6,1
2026-07-16,Intraocular Lens,Malfunction,Topic 2,0
2026-07-16,"Lens, Intraocular, Toric Optics",Injury,Topic 4,1
2026-07-16,"Lens, Intraocular, Toric Optics",Injury,Topic 4,1
2026-07-16,Intraocular Lens,Malfunction,Topic 2,0
2026-07-16,Intraocular Lens,Injury,Topic 4,1
2026-07-16,General Surgery Tray,Malfunction,Topic 8,0
2026-07-16,"Unit, Phacofragmentation",Injury,Topic 6,1
2026-07-15,General Surgery Tray,Malfunction,Topic 5,0
2026-07-15,General Surgery Tray,Malfunction,Topic 5,0
2026-07-15,General Surgery Tray,Malfunction,Topic 8,0
2026-07-15,General Surgery Tray,Malfunction,Topic 3,0
2026-07-15,"Instrument, Vitreous Aspiration And Cutt",Malfunction,Topic 3,0
2026-07-15,General Surgery Tray,Malfunction,Topic 3,0
2026-07-15,General Surgery Tray,Malfunction,Topic 6,0
2026-07-15,General Surgery Tray,Malfunction,Topic 1,0
2026-07-15,General Surgery Tray,Malfunction,Topic 1,0
2026-07-15,General Surgery Tray,Malfunction,Topic 8,0
2026-07-15,General Surgery Tray,Injury,Topic 6,1
2026-07-15,General Surgery Tray,Malfunction,Topic 3,0
2026-07-15,General Surgery Tray,Malfunction,Topic 3,0
2026-07-15,General Surgery Tray,Malfunction,Topic 3,0
2026-07-15,General Surgery Tray,Malfunction,Topic 1,0
2026-07-15,General Surgery Tray,Malfunction,Topic 3,0
2026-07-15,General Surgery Tray,Malfunction,Topic 5,0
2026-07-15,General Surgery Tray,Malfunction,Topic 1,0
2026-07-15,General Surgery Tray,Malfunction,Topic 3,0
2026-07-15,General Surgery Tray,Malfunction,Topic 3,0
2026-07-15,General Surgery Tray,Malfunction,Topic 3,0
2026-07-15,General Surgery Tray,Malfunction,Topic 8,0
2026-07-15,General Surgery Tray,Malfunction,Topic 1,0
2026-07-15,"Unit, Phacofragmentation",Injury,Topic 6,1
2026-07-15,General Surgery Tray,Malfunction,Topic 3,0
2026-07-15,"Light, Surgical, Fiberoptic",Malfunction,Topic 1,0
2026-07-15,General Surgery Tray,Malfunction,Topic 5,0
2026-07-15,Intraocular Lens,Injury,Topic 4,1
2026-07-15,"Vitrectomy, Instrument Cutter",Malfunction,Topic 8,0
2026-07-15,Intraocular Lens,Injury,Topic 4,1
2026-07-15,General Surgery Tray,Malfunction,Topic 3,0
2026-07-15,General Surgery Tray,Malfunction,Topic 3,0
2026-07-15,General Surgery Tray,Malfunction,Topic 3,0
2026-07-15,General Surgery Tray,Malfunction,Topic 6,0
2026-07-15,General Surgery Tray,Malfunction,Topic 5,0
2026-07-15,General Surgery Tray,Malfunction,Topic 3,0
2026-07-15,General Surgery Tray,Malfunction,Topic 3,0
2026-07-15,"Lens, Intraocular, Toric Optics",Malfunction,Topic 2,0
2026-07-15,"Forceps, Ophthalmic",Injury,Topic 6,1
2026-07-15,"Device, Irrigation, Ocular Surgery",Injury,Topic 6,1
2026-07-15,"Instrument, Vitreous Aspiration And Cutt",Injury,Topic 6,1
2026-07-15,"Unit, Phacofragmentation",Injury,Topic 6,1
2026-07-15,General Surgery Tray,Malfunction,Topic 5,0
2026-07-15,"Forceps, Ophthalmic",Injury,Topic 6,1
2026-07-15,"Unit, Phacofragmentation",Injury,Topic 6,1
2026-07-15,General Surgery Tray,Malfunction,Topic 1,0
2026-07-15,"Lens, Intraocular, Toric Optics",Injury,Topic 4,1
2026-07-15,General Surgery Tray,Malfunction,Topic 1,0
2026-07-15,General Surgery Tray,Malfunction,Topic 1,0
2026-07-15,General Surgery Tray,Malfunction,Topic 1,0
2026-07-15,General Surgery Tray,Malfunction,Topic 1,0
2026-07-15,General Surgery Tray,Malfunction,Topic 8,0
2026-07-15,General Surgery Tray,Malfunction,Topic 8,0
2026-07-14,"Aberrometer, Ophthalmic",Injury,Topic 4,1
2026-07-14,General Surgery Tray,Malfunction,Topic 5,0
2026-07-14,General Surgery Tray,Malfunction,Topic 8,0
2026-07-14,General Surgery Tray,Malfunction,Topic 6,0
2026-07-14,General Surgery Tray,Malfunction,Topic 5,0
2026-07-14,General Surgery Tray,Injury,Topic 6,1
2026-07-14,General Surgery Tray,Malfunction,Topic 3,0
2026-07-14,General Surgery Tray,Malfunction,Topic 3,0
2026-07-14,General Surgery Tray,Malfunction,Topic 1,0
2026-07-14,Intraocular Lens,Injury,Topic 4,1
2026-07-14,General Surgery Tray,Malfunction,Topic 8,0
2026-07-14,General Surgery Tray,Malfunction,Topic 8,0
2026-07-14,General Surgery Tray,Malfunction,Topic 3,0
2026-07-14,General Surgery Tray,Malfunction,Topic 5,0
2026-07-14,General Surgery Tray,Malfunction,Topic 3,0
2026-07-14,"Lens, Intraocular, Toric Optics",Injury,Topic 6,1
2026-07-14,"Lens, Intraocular, Toric Optics",Injury,Topic 6,1
2026-07-14,General Surgery Tray,Malfunction,Topic 8,0
2026-07-14,"Lens, Intraocular, Toric Optics",Injury,Topic 2,1
2026-07-14,General Surgery Tray,Malfunction,Topic 1,0
2026-07-14,"Instrument, Vitreous Aspiration And Cutt",Injury,Topic 5,1
2026-07-14,General Surgery Tray,Malfunction,Topic 1,0
2026-07-14,General Surgery Tray,Malfunction,Topic 1,0
2026-07-14,General Surgery Tray,Malfunction,Topic 8,0
2026-07-14,Intraocular Lens,Injury,Topic 6,1
2026-07-14,"Knife, Ophthalmic",Malfunction,Topic 6,0
2026-07-14,Intraocular Lens,Malfunction,Topic 8,0
2026-07-14,Intraocular Lens,Injury,Topic 6,1
2026-07-14,"Tubing, Noninvasive",Malfunction,Topic 8,0
2026-07-14,General Surgery Tray,Malfunction,Topic 6,0
2026-07-14,General Surgery Tray,Malfunction,Topic 5,0
2026-07-14,General Surgery Tray,Malfunction,Topic 3,0
2026-07-14,"Unit, Phacofragmentation",Malfunction,Topic 6,0
2026-07-14,General Surgery Tray,Malfunction,Topic 8,0
2026-07-14,General Surgery Tray,Malfunction,Topic 5,0
2026-07-14,General Surgery Tray,Malfunction,Topic 1,0
2026-07-14,General Surgery Tray,Malfunction,Topic 3,0
2026-07-14,General Surgery Tray,Malfunction,Topic 6,0
2026-07-14,General Surgery Tray,Malfunction,Topic 6,0
2026-07-14,"Knife, Ophthalmic",Malfunction,Topic 7,0
2026-07-14,General Surgery Tray,Malfunction,Topic 1,0
2026-07-14,"Forceps, Ophthalmic",Malfunction,Topic 8,0
2026-07-14,"Suture, Nonabsorbable, Synthetic, Polyam",Malfunction,Topic 7,0
2026-07-14,"Lens, Intraocular, Toric Optics",Injury,Topic 4,1
2026-07-14,Extended Depth Of Focus Intraocular Lens,Injury,Topic 4,1
2026-07-14,General Surgery Tray,Malfunction,Topic 8,0
2026-07-14,Intraocular Lens,Injury,Topic 6,1
2026-07-14,General Surgery Tray,Malfunction,Topic 3,0
2026-07-14,General Surgery Tray,Malfunction,Topic 3,0
2026-07-14,General Surgery Tray,Malfunction,Topic 3,0
2026-07-14,Intraocular Lens,Injury,Topic 2,1
2026-07-14,"Unit, Phacofragmentation",Injury,Topic 6,1
2026-07-14,"Lens, Multifocal Intraocular",Malfunction,Topic 2,0
2026-07-14,"Instrument, Vitreous Aspiration And Cutt",Malfunction,Topic 1,0
2026-07-14,"Lens, Multifocal Intraocular",Malfunction,Topic 2,0
2026-07-14,General Surgery Tray,Malfunction,Topic 3,0
2026-07-14,General Surgery Tray,Malfunction,Topic 5,0
2026-07-13,Intraocular Lens,Malfunction,Topic 2,0
2026-07-13,Intraocular Lens,Malfunction,Topic 2,0
2026-07-13,General Surgery Tray,Malfunction,Topic 3,0
2026-07-13,Intraocular Lens,Malfunction,Topic 2,0
2026-07-13,"Lens, Intraocular, Toric Optics",Malfunction,Topic 2,0
2026-07-13,Intraocular Lens,Malfunction,Topic 2,0
2026-07-13,General Surgery Tray,Malfunction,Topic 5,0
2026-07-13,General Surgery Tray,Malfunction,Topic 3,0
2026-07-13,General Surgery Tray,Malfunction,Topic 8,0
2026-07-13,General Surgery Tray,Malfunction,Topic 1,0
2026-07-13,General Surgery Tray,Malfunction,Topic 3,0
2026-07-13,General Surgery Tray,Malfunction,Topic 3,0
2026-07-13,"Unit, Phacofragmentation",Malfunction,Topic 7,0
2026-07-13,General Surgery Tray,Malfunction,Topic 3,0
2026-07-13,General Surgery Tray,Malfunction,Topic 3,0
2026-07-13,"Cannula, Trocar, Ophthalmic",Malfunction,Topic 7,0
2026-07-13,"Knife, Ophthalmic",Malfunction,Topic 7,0
2026-07-13,"Instrument, Vitreous Aspiration And Cutt",Malfunction,Topic 3,0
2026-07-13,"Unit, Phacofragmentation",Injury,Topic 6,1
2026-07-13,General Surgery Tray,Malfunction,Topic 8,0
2026-07-13,General Surgery Tray,Malfunction,Topic 3,0
2026-07-13,"Instrument, Vitreous Aspiration And Cutt",Malfunction,Topic 3,0
2026-07-13,"Lens, Multifocal Intraocular",Injury,Topic 4,1
2026-07-13,"Knife, Ophthalmic",Malfunction,Topic 7,0
2026-07-13,General Surgery Tray,Malfunction,Topic 6,0
2026-07-13,Intraocular Lens,Malfunction,Topic 2,0
2026-07-13,"Aberrometer, Ophthalmic",Malfunction,Topic 6,0
2026-07-13,"Lens, Contact, (Disposable)",Injury,Topic 6,1
2026-07-13,Intraocular Lens,Malfunction,Topic 2,0
2026-07-13,General Surgery Tray,Malfunction,Topic 5,0
2026-07-13,Intraocular Lens,Malfunction,Topic 7,0
2026-07-13,General Surgery Tray,Malfunction,Topic 5,0
2026-07-13,General Surgery Tray,Injury,Topic 3,1
2026-07-13,General Surgery Tray,Malfunction,Topic 8,0
2026-07-13,"Folders And Injectors, Intraocular Lens ",Malfunction,Topic 2,0
2026-07-13,"Lens, Intraocular, Toric Optics",Malfunction,Topic 2,0
2026-07-13,"Biomicroscope, Slit-Lamp, Ac-Powered",Malfunction,Topic 8,0
2026-07-13,Intraocular Lens,Malfunction,Topic 2,0
2026-07-13,"Lens, Intraocular, Toric Optics",Injury,Topic 4,1
2026-07-13,Intraocular Lens,Malfunction,Topic 2,0
2026-07-13,General Surgery Tray,Malfunction,Topic 6,0
2026-07-13,General Surgery Tray,Malfunction,Topic 3,0
2026-07-13,"Lens, Intraocular, Toric Optics",Malfunction,Topic 2,0
2026-07-13,General Surgery Tray,Malfunction,Topic 8,0
2026-07-12,Intraocular Lens,Injury,Topic 4,1
2026-07-12,"Folders And Injectors, Intraocular Lens ",Injury,Topic 4,1
2026-07-12,Intraocular Lens,Injury,Topic 6,1
2026-07-11,"Lens, Intraocular, Toric Optics",Injury,Topic 4,1
2026-07-11,Intraocular Lens,Malfunction,Topic 2,0
2026-07-11,Intraocular Lens,Malfunction,Topic 2,0
2026-07-10,General Surgery Tray,Injury,Topic 6,1
2026-07-10,"Knife, Ophthalmic",Malfunction,Topic 7,0
2026-07-10,General Surgery Tray,Malfunction,Topic 5,0
2026-07-10,"Knife, Ophthalmic",Malfunction,Topic 7,0
2026-07-10,General Surgery Tray,Malfunction,Topic 5,0
2026-07-10,"Lens, Intraocular, Toric Optics",Malfunction,Topic 2,0
2026-07-10,Intraocular Lens,Malfunction,Topic 2,0
2026-07-10,"Lens, Intraocular, Toric Optics",Malfunction,Topic 2,0
2026-07-10,General Surgery Tray,Malfunction,Topic 3,0
2026-07-10,General Surgery Tray,Malfunction,Topic 1,0
2026-07-10,General Surgery Tray,Malfunction,Topic 6,0
2026-07-10,General Surgery Tray,Malfunction,Topic 3,0
2026-07-10,General Surgery Tray,Malfunction,Topic 8,0
2026-07-10,"Lens, Guide, Intraocular",Injury,Topic 2,1
2026-07-10,General Surgery Tray,Malfunction,Topic 6,0
2026-07-10,"Unit, Phacofragmentation",Malfunction,Topic 7,0
2026-07-10,General Surgery Tray,Malfunction,Topic 3,0
2026-07-10,General Surgery Tray,Malfunction,Topic 1,0
2026-07-10,Intraocular Lens,Malfunction,Topic 2,0
2026-07-10,General Surgery Tray,Injury,Topic 6,1
2026-07-10,"Instrument, Vitreous Aspiration And Cutt",Malfunction,Topic 8,0
2026-07-10,Intraocular Lens,Malfunction,Topic 2,0
2026-07-10,"Lens, Intraocular, Toric Optics",Malfunction,Topic 2,0
2026-07-10,Intraocular Lens,Malfunction,Topic 2,0
2026-07-10,General Surgery Tray,Malfunction,Topic 3,0
2026-07-10,Intraocular Lens,Malfunction,Topic 2,0
2026-07-10,Intraocular Lens,Malfunction,Topic 2,0
2026-07-10,"Laser, Ophthalmic",Malfunction,Topic 7,0
2026-07-10,"Cannula, Trocar, Ophthalmic",Malfunction,Topic 1,0
2026-07-10,"Unit, Phacofragmentation",Injury,Topic 7,1
2026-07-10,General Surgery Tray,Injury,Topic 6,1
2026-07-10,"Folders And Injectors, Intraocular Lens ",Malfunction,Topic 2,0
2026-07-10,General Surgery Tray,Malfunction,Topic 3,0
2026-07-10,Intraocular Lens,Injury,Topic 4,1
2026-07-10,"Lens, Multifocal Intraocular",Injury,Topic 4,1
2026-07-10,"Lens, Intraocular, Toric Optics",Injury,Topic 4,1
2026-07-10,"Lens, Intraocular, Toric Optics",Malfunction,Topic 2,0
2026-07-10,"Lens, Intraocular, Toric Optics",Injury,Topic 4,1
2026-07-10,"Knife, Ophthalmic",Malfunction,Topic 7,0
2026-07-10,"Knife, Ophthalmic",Malfunction,Topic 6,0
2026-07-10,Intraocular Lens,Malfunction,Topic 2,0
2026-07-10,Extended Depth Of Focus Intraocular Lens,Malfunction,Topic 2,0
2026-07-10,"Lens, Intraocular, Toric Optics",Malfunction,Topic 2,0
2026-07-10,Intraocular Lens,Malfunction,Topic 2,0
2026-07-10,Intraocular Lens,Malfunction,Topic 2,0
2026-07-10,"Lens, Intraocular, Toric Optics",Injury,Topic 4,1
2026-07-10,General Surgery Tray,Malfunction,Topic 3,0
2026-07-10,"Instrument, Vitreous Aspiration And Cutt",Malfunction,Topic 1,0
2026-07-10,"Lens, Intraocular, Toric Optics",Injury,Topic 2,1
2026-07-10,"Knife, Ophthalmic",Malfunction,Topic 6,0
2026-07-10,"Unit, Phacofragmentation",Malfunction,Topic 6,0
2026-07-10,"Lens, Multifocal Intraocular",Injury,Topic 4,1
2026-07-10,Intraocular Lens,Malfunction,Topic 2,0
2026-07-10,General Surgery Tray,Malfunction,Topic 3,0
2026-07-10,Intraocular Lens,Malfunction,Topic 2,0
2026-07-10,Extended Depth Of Focus Intraocular Lens,Malfunction,Topic 2,0
2026-07-10,"Knife, Ophthalmic",Malfunction,Topic 7,0
2026-07-10,"Lens, Guide, Intraocular",Malfunction,Topic 2,0
2026-07-10,Intraocular Lens,Malfunction,Topic 2,0
2026-07-10,Intraocular Lens,Injury,Topic 4,1
2026-07-10,Ophthalmic Femtosecond Laser,Malfunction,Topic 6,0
2026-07-10,Ophthalmic Femtosecond Laser,Malfunction,Topic 6,0
2026-07-10,General Surgery Tray,Malfunction,Topic 3,0
2026-07-10,General Surgery Tray,Malfunction,Topic 1,0
2026-07-10,General Surgery Tray,Malfunction,Topic 1,0
2026-07-10,General Surgery Tray,Malfunction,Topic 5,0
2026-07-10,General Surgery Tray,Malfunction,Topic 1,0
2026-07-10,General Surgery Tray,Injury,Topic 8,1
2026-07-10,"Instrument, Vitreous Aspiration And Cutt",Malfunction,Topic 6,0
2026-07-10,Intraocular Lens,Injury,Topic 4,1
2026-07-10,General Surgery Tray,Injury,Topic 8,1
2026-07-10,General Surgery Tray,Malfunction,Topic 3,0
2026-07-10,"Lens, Intraocular, Toric Optics",Malfunction,Topic 2,0
2026-07-09,"Unit, Phacofragmentation",Malfunction,Topic 1,0
2026-07-09,General Surgery Tray,Malfunction,Topic 8,0
2026-07-09,"Knife, Ophthalmic",Malfunction,Topic 7,0
2026-07-09,General Surgery Tray,Malfunction,Topic 3,0
2026-07-09,"Tubing, Noninvasive",Malfunction,Topic 3,0
2026-07-09,General Surgery Tray,Malfunction,Topic 1,0
2026-07-09,"Knife, Ophthalmic",Malfunction,Topic 7,0
2026-07-09,General Surgery Tray,Malfunction,Topic 8,0
2026-07-09,General Surgery Tray,Malfunction,Topic 3,0
2026-07-09,General Surgery Tray,Malfunction,Topic 6,0
2026-07-09,General Surgery Tray,Malfunction,Topic 8,0
2026-07-09,"Knife, Ophthalmic",Malfunction,Topic 7,0
2026-07-09,"Knife, Ophthalmic",Malfunction,Topic 7,0
2026-07-09,General Surgery Tray,Malfunction,Topic 3,0
2026-07-09,"Unit, Phacofragmentation",Malfunction,Topic 7,0
2026-07-09,General Surgery Tray,Malfunction,Topic 3,0
2026-07-09,"Knife, Ophthalmic",Malfunction,Topic 6,0
2026-07-09,Intraocular Lens,Injury,Topic 4,1
2026-07-09,Intraocular Lens,Malfunction,Topic 2,0
2026-07-09,Intraocular Lens,Malfunction,Topic 2,0
2026-07-09,"Lens, Intraocular, Toric Optics",Injury,Topic 4,1
2026-07-09,"Lens, Intraocular, Toric Optics",Injury,Topic 4,1
2026-07-09,Intraocular Lens,Malfunction,Topic 2,0
2026-07-09,"Lens, Intraocular, Toric Optics",Injury,Topic 4,1
2026-07-09,"Unit, Phacofragmentation",Malfunction,Topic 6,0
2026-07-09,General Surgery Tray,Malfunction,Topic 6,0
2026-07-09,Intraocular Lens,Malfunction,Topic 2,0
2026-07-09,Intraocular Lens,Malfunction,Topic 2,0
2026-07-09,"Lens, Guide, Intraocular",Malfunction,Topic 2,0
2026-07-09,Intraocular Lens,Malfunction,Topic 2,0
2026-07-09,General Surgery Tray,Malfunction,Topic 6,0
2026-07-09,"Lens, Intraocular, Toric Optics",Malfunction,Topic 2,0
2026-07-09,"Lens, Intraocular, Toric Optics",Malfunction,Topic 2,0
2026-07-09,Intraocular Lens,Malfunction,Topic 2,0
2026-07-09,"Lens, Intraocular, Toric Optics",Malfunction,Topic 2,0
2026-07-09,General Surgery Tray,Malfunction,Topic 8,0
2026-07-09,General Surgery Tray,Malfunction,Topic 6,0
2026-07-09,General Surgery Tray,Malfunction,Topic 3,0
2026-07-09,General Surgery Tray,Malfunction,Topic 5,0
2026-07-09,Intraocular Lens,Malfunction,Topic 2,0
2026-07-09,General Surgery Tray,Malfunction,Topic 6,0
2026-07-09,General Surgery Tray,Malfunction,Topic 6,0
2026-07-09,"Folders And Injectors, Intraocular Lens ",Injury,Topic 4,1
2026-07-09,"Unit, Phacofragmentation",Injury,Topic 6,1
2026-07-09,"Unit, Phacofragmentation",Injury,Topic 6,1
2026-07-09,"Unit, Phacofragmentation",Injury,Topic 6,1
2026-07-09,"Unit, Phacofragmentation",Injury,Topic 6,1
2026-07-09,"Unit, Phacofragmentation",Injury,Topic 6,1
2026-07-09,"Unit, Phacofragmentation",Injury,Topic 6,1
2026-07-09,General Surgery Tray,Malfunction,Topic 3,0
2026-07-09,General Surgery Tray,Malfunction,Topic 1,0
2026-07-09,General Surgery Tray,Malfunction,Topic 1,0
2026-07-09,"Lens, Intraocular, Toric Optics",Malfunction,Topic 2,0
2026-07-09,"Unit, Phacofragmentation",Malfunction,Topic 1,0
2026-07-08,General Surgery Tray,Malfunction,Topic 6,0
2026-07-08,"Lens, Guide, Intraocular",Malfunction,Topic 2,0
2026-07-08,Intraocular Lens,Injury,Topic 2,1
2026-07-08,General Surgery Tray,Malfunction,Topic 3,0
2026-07-08,General Surgery Tray,Malfunction,Topic 8,0
2026-07-08,General Surgery Tray,Malfunction,Topic 8,0
2026-07-08,General Surgery Tray,Injury,Topic 6,1
2026-07-08,"Lenses, Soft Contact, Daily Wear",Injury,Topic 7,1
2026-07-08,General Surgery Tray,Malfunction,Topic 8,0
2026-07-08,General Surgery Tray,Injury,Topic 6,1
2026-07-08,General Surgery Tray,Malfunction,Topic 5,0
2026-07-08,General Surgery Tray,Malfunction,Topic 8,0
2026-07-08,"Unit, Phacofragmentation",Malfunction,Topic 6,0
2026-07-08,General Surgery Tray,Malfunction,Topic 8,0
2026-07-08,Intraocular Lens,Injury,Topic 4,1
2026-07-08,"Suture, Nonabsorbable, Synthetic, Polyam",Malfunction,Topic 6,0
2026-07-08,Intraocular Lens,Malfunction,Topic 2,0
2026-07-08,"Suture, Nonabsorbable, Synthetic, Polyam",Malfunction,Topic 6,0
2026-07-08,"Microscope, Operating & Accessories, Ac-",Malfunction,Topic 7,0
2026-07-08,"Knife, Ophthalmic",Malfunction,Topic 7,0
2026-07-08,"Knife, Ophthalmic",Malfunction,Topic 2,0
2026-07-08,"Unit, Phacofragmentation",Malfunction,Topic 7,0
2026-07-08,"Knife, Ophthalmic",Malfunction,Topic 7,0
2026-07-08,"Knife, Ophthalmic",Malfunction,Topic 7,0
2026-07-08,"Instrument, Vitreous Aspiration And Cutt",Malfunction,Topic 1,0
2026-07-08,General Surgery Tray,Malfunction,Topic 3,0
2026-07-08,"Knife, Ophthalmic",Malfunction,Topic 7,0
2026-07-08,"Lens, Multifocal Intraocular",Injury,Topic 2,1
2026-07-08,"Knife, Ophthalmic",Malfunction,Topic 7,0
2026-07-08,"Knife, Ophthalmic",Malfunction,Topic 7,0
2026-07-08,"Lens, Intraocular, Toric Optics",Malfunction,Topic 2,0
2026-07-08,"Knife, Ophthalmic",Malfunction,Topic 7,0
2026-07-08,General Surgery Tray,Malfunction,Topic 8,0
2026-07-08,Intraocular Lens,Malfunction,Topic 2,0
2026-07-08,General Surgery Tray,Malfunction,Topic 3,0
2026-07-08,"Unit, Phacofragmentation",Malfunction,Topic 6,0
2026-07-08,"Device, Irrigation, Ocular Surgery",Malfunction,Topic 6,0
2026-07-08,General Surgery Tray,Malfunction,Topic 3,0
2026-07-08,General Surgery Tray,Malfunction,Topic 3,0
2026-07-08,"Lens, Intraocular, Toric Optics",Malfunction,Topic 2,0
2026-07-08,General Surgery Tray,Malfunction,Topic 3,0
2026-07-08,"Accessories, Soft Lens Products",Malfunction,Topic 6,0
2026-07-08,"Accessories, Soft Lens Products",Injury,Topic 6,1
2026-07-08,General Surgery Tray,Malfunction,Topic 6,0
2026-07-08,General Surgery Tray,Malfunction,Topic 1,0
2026-07-08,General Surgery Tray,Malfunction,Topic 1,0
2026-07-08,General Surgery Tray,Malfunction,Topic 6,0
2026-07-07,General Surgery Tray,Malfunction,Topic 5,0
2026-07-07,General Surgery Tray,Malfunction,Topic 8,0
2026-07-07,General Surgery Tray,Malfunction,Topic 8,0
2026-07-07,"Unit, Phacofragmentation",Malfunction,Topic 6,0
2026-07-07,Ophthalmic Femtosecond Laser,Malfunction,Topic 8,0
2026-07-07,General Surgery Tray,Malfunction,Topic 3,0
2026-07-07,Intraocular Lens,Malfunction,Topic 2,0
2026-07-07,General Surgery Tray,Malfunction,Topic 6,0
2026-07-07,General Surgery Tray,Malfunction,Topic 5,0
2026-07-07,"Unit, Phacofragmentation",Malfunction,Topic 6,0
2026-07-07,General Surgery Tray,Malfunction,Topic 8,0
2026-07-07,General Surgery Tray,Malfunction,Topic 5,0
2026-07-07,General Surgery Tray,Malfunction,Topic 3,0
2026-07-07,Intraocular Lens,Malfunction,Topic 2,0
2026-07-07,"Lens, Guide, Intraocular",Malfunction,Topic 2,0
2026-07-07,General Surgery Tray,Malfunction,Topic 1,0
2026-07-07,General Surgery Tray,Malfunction,Topic 3,0
2026-07-07,General Surgery Tray,Malfunction,Topic 3,0
2026-07-07,Intraocular Lens,Malfunction,Topic 2,0
2026-07-07,General Surgery Tray,Malfunction,Topic 8,0
2026-07-07,Intraocular Lens,Malfunction,Topic 2,0
2026-07-07,"Knife, Ophthalmic",Malfunction,Topic 7,0
2026-07-07,"Microscope, Operating & Accessories, Ac-",Malfunction,Topic 7,0
2026-07-07,Intraocular Lens,Malfunction,Topic 2,0
2026-07-07,General Surgery Tray,Malfunction,Topic 3,0
2026-07-07,"Instrument, Vitreous Aspiration And Cutt",Malfunction,Topic 5,0
2026-07-07,General Surgery Tray,Malfunction,Topic 8,0
2026-07-07,General Surgery Tray,Malfunction,Topic 3,0
2026-07-07,General Surgery Tray,Malfunction,Topic 6,0
2026-07-07,"Lens, Intraocular, Toric Optics",Malfunction,Topic 2,0
2026-07-07,Intraocular Lens,Malfunction,Topic 2,0
2026-07-07,"Folders And Injectors, Intraocular Lens ",Malfunction,Topic 2,0
2026-07-07,Intraocular Lens,Malfunction,Topic 2,0
2026-07-07,Intraocular Lens,Malfunction,Topic 2,0
2026-07-07,General Surgery Tray,Malfunction,Topic 5,0
2026-07-07,General Surgery Tray,Malfunction,Topic 3,0
2026-07-07,"Vitrectomy, Instrument Cutter",Malfunction,Topic 5,0
2026-07-07,General Surgery Tray,Malfunction,Topic 5,0
2026-07-07,"Lens, Intraocular, Toric Optics",Malfunction,Topic 2,0
2026-07-07,Extended Depth Of Focus Intraocular Lens,Malfunction,Topic 2,0
2026-07-07,"Instrument, Vitreous Aspiration And Cutt",Malfunction,Topic 5,0
2026-07-07,General Surgery Tray,Malfunction,Topic 5,0
2026-07-07,General Surgery Tray,Malfunction,Topic 8,0
2026-07-07,Intraocular Lens,Malfunction,Topic 2,0
2026-07-07,"Lens, Intraocular, Toric Optics",Malfunction,Topic 7,0
2026-07-07,Extended Depth Of Focus Intraocular Lens,Malfunction,Topic 2,0
2026-07-07,Intraocular Lens,Malfunction,Topic 2,0
2026-07-07,General Surgery Tray,Malfunction,Topic 5,0
2026-07-07,General Surgery Tray,Malfunction,Topic 5,0
2026-07-07,General Surgery Tray,Malfunction,Topic 1,0
2026-07-07,General Surgery Tray,Malfunction,Topic 1,0
2026-07-07,"Instrument, Vitreous Aspiration And Cutt",Malfunction,Topic 5,0
2026-07-06,"Knife, Ophthalmic",Malfunction,Topic 7,0
2026-07-06,General Surgery Tray,Malfunction,Topic 5,0
2026-07-06,General Surgery Tray,Injury,Topic 6,1
2026-07-06,General Surgery Tray,Malfunction,Topic 8,0
2026-07-06,General Surgery Tray,Malfunction,Topic 8,0
2026-07-06,General Surgery Tray,Malfunction,Topic 5,0
2026-07-06,General Surgery Tray,Malfunction,Topic 1,0
2026-07-06,General Surgery Tray,Malfunction,Topic 8,0
2026-07-06,"Lens, Intraocular, Toric Optics",Malfunction,Topic 2,0
2026-07-06,Intraocular Lens,Malfunction,Topic 2,0
2026-07-06,"Lens, Intraocular, Toric Optics",Injury,Topic 4,1
2026-07-06,Intraocular Lens,Malfunction,Topic 2,0
2026-07-06,"Instrument, Vitreous Aspiration And Cutt",Malfunction,Topic 8,0
2026-07-06,General Surgery Tray,Malfunction,Topic 1,0
2026-07-06,General Surgery Tray,Malfunction,Topic 3,0
2026-07-06,General Surgery Tray,Malfunction,Topic 8,0
2026-07-06,General Surgery Tray,Malfunction,Topic 6,0
2026-07-06,"Knife, Ophthalmic",Malfunction,Topic 7,0
2026-07-06,Intraocular Lens,Malfunction,Topic 2,0
2026-07-06,"Lens, Intraocular, Toric Optics",Malfunction,Topic 2,0
2026-07-06,Intraocular Lens,Injury,Topic 4,1
2026-07-06,"Lens, Intraocular, Toric Optics",Malfunction,Topic 2,0
2026-07-06,"Knife, Ophthalmic",Malfunction,Topic 7,0
2026-07-06,"Unit, Phacofragmentation",Injury,Topic 6,1
2026-07-06,"Unit, Phacofragmentation",Malfunction,Topic 6,0
2026-07-06,General Surgery Tray,Malfunction,Topic 1,0
2026-07-06,General Surgery Tray,Malfunction,Topic 5,0
2026-07-06,"Unit, Phacofragmentation",Injury,Topic 6,1
2026-07-06,General Surgery Tray,Malfunction,Topic 3,0
2026-07-06,"Suture, Nonabsorbable, Synthetic, Polyam",Malfunction,Topic 6,0
2026-07-06,General Surgery Tray,Injury,Topic 6,1
2026-07-06,"Instrument, Vitreous Aspiration And Cutt",Malfunction,Topic 6,0
2026-07-06,Intraocular Lens,Injury,Topic 6,1
2026-07-06,"Forceps, Ophthalmic",Malfunction,Topic 7,0
2026-07-06,"Forceps, Ophthalmic",Malfunction,Topic 1,0
2026-07-06,"Unit, Phacofragmentation",Malfunction,Topic 7,0
2026-07-06,"Instrument, Vitreous Aspiration And Cutt",Malfunction,Topic 5,0
2026-07-06,"Lens, Intraocular, Toric Optics",Malfunction,Topic 2,0
2026-07-06,General Surgery Tray,Malfunction,Topic 5,0
2026-07-06,"Device, Irrigation, Ocular Surgery",Malfunction,Topic 6,0
2026-07-06,"Forceps, Ophthalmic",Malfunction,Topic 7,0
2026-07-06,"Lens, Multifocal Intraocular",Malfunction,Topic 4,0
2026-07-06,"Unit, Phacofragmentation",Malfunction,Topic 6,0
2026-07-06,Intraocular Lens,Malfunction,Topic 2,0
2026-07-06,General Surgery Tray,Malfunction,Topic 8,0
2026-07-06,General Surgery Tray,Malfunction,Topic 8,0
2026-07-06,Intraocular Lens,Malfunction,Topic 2,0
2026-07-06,Intraocular Lens,Injury,Topic 4,1
2026-07-06,General Surgery Tray,Malfunction,Topic 8,0
2026-07-06,Intraocular Lens,Malfunction,Topic 2,0
2026-07-06,Intraocular Lens,Malfunction,Topic 2,0
2026-07-06,Ophthalmic Femtosecond Laser,Injury,Topic 6,1
2026-07-06,Ophthalmic Femtosecond Laser,Injury,Topic 6,1
2026-07-06,Ophthalmic Femtosecond Laser,Injury,Topic 6,1
2026-07-06,Intraocular Pressure Lowering Implant,Malfunction,Topic 6,0
2026-07-06,Intraocular Pressure Lowering Implant,Malfunction,Topic 8,0
2026-07-06,Ophthalmic Femtosecond Laser,Injury,Topic 6,1
2026-07-06,"Suture, Nonabsorbable, Synthetic, Polyam",Malfunction,Topic 7,0
2026-07-06,"Lens, Intraocular, Toric Optics",Injury,Topic 4,1
2026-07-06,"Lens, Intraocular, Toric Optics",Malfunction,Topic 2,0
2026-07-06,"Unit, Phacofragmentation",Malfunction,Topic 6,0
2026-07-05,Extended Depth Of Focus Intraocular Lens,Injury,Topic 4,1
2026-07-05,General Surgery Tray,Malfunction,Topic 8,0
2026-07-05,General Surgery Tray,Malfunction,Topic 3,0
2026-07-05,General Surgery Tray,Malfunction,Topic 6,0
2026-07-05,General Surgery Tray,Malfunction,Topic 8,0
2026-07-04,"Cannula, Ophthalmic",Injury,Topic 6,1
2026-07-04,"Lens, Intraocular, Toric Optics",Malfunction,Topic 7,0
2026-07-04,Intraocular Lens,Injury,Topic 2,1
2026-07-04,Intraocular Lens,Injury,Topic 4,1
2026-07-04,Intraocular Lens,Malfunction,Topic 2,0
2026-07-03,"Unit, Phacofragmentation",Malfunction,Topic 7,0
2026-07-03,"Knife, Ophthalmic",Malfunction,Topic 7,0
2026-07-03,General Surgery Tray,Malfunction,Topic 3,0
2026-07-03,"Unit, Phacofragmentation",Malfunction,Topic 8,0
2026-07-03,"Knife, Ophthalmic",Malfunction,Topic 7,0
2026-07-03,"Knife, Ophthalmic",Malfunction,Topic 7,0
2026-07-03,General Surgery Tray,Malfunction,Topic 3,0
2026-07-03,General Surgery Tray,Malfunction,Topic 1,0
2026-07-03,General Surgery Tray,Malfunction,Topic 3,0
2026-07-03,"Tubing, Noninvasive",Malfunction,Topic 6,0
2026-07-03,"Unit, Phacofragmentation",Malfunction,Topic 7,0
2026-07-03,"Lens, Intraocular, Toric Optics",Malfunction,Topic 4,0
2026-07-03,"Unit, Phacofragmentation",Malfunction,Topic 3,0
2026-07-03,Ophthalmic Femtosecond Laser,Malfunction,Topic 6,0
2026-07-03,"Knife, Ophthalmic",Malfunction,Topic 6,0
2026-07-03,"Unit, Phacofragmentation",Malfunction,Topic 7,0
2026-07-03,General Surgery Tray,Malfunction,Topic 8,0
2026-07-03,General Surgery Tray,Malfunction,Topic 8,0
2026-07-03,General Surgery Tray,Malfunction,Topic 3,0
2026-07-03,General Surgery Tray,Malfunction,Topic 3,0
2026-07-03,General Surgery Tray,Malfunction,Topic 6,0
2026-07-03,General Surgery Tray,Malfunction,Topic 5,0
2026-07-03,"Knife, Ophthalmic",Malfunction,Topic 7,0
2026-07-03,"Lens, Intraocular, Toric Optics",Malfunction,Topic 2,0
2026-07-03,General Surgery Tray,Malfunction,Topic 6,0
2026-07-03,Intraocular Lens,Malfunction,Topic 2,0
2026-07-03,"Lens, Intraocular, Toric Optics",Malfunction,Topic 2,0
2026-07-03,"Unit, Phacofragmentation",Malfunction,Topic 6,0
2026-07-03,"Lens, Intraocular, Toric Optics",Malfunction,Topic 2,0
2026-07-03,"Knife, Ophthalmic",Malfunction,Topic 6,0
2026-07-03,Intraocular Lens,Malfunction,Topic 2,0
2026-07-03,Intraocular Lens,Malfunction,Topic 2,0
2026-07-03,"Unit, Phacofragmentation",Malfunction,Topic 3,0
2026-07-03,"Suture, Nonabsorbable, Synthetic, Polyam",Malfunction,Topic 6,0
2026-07-03,General Surgery Tray,Malfunction,Topic 1,0
2026-07-03,Intraocular Lens,Malfunction,Topic 2,0
2026-07-03,General Surgery Tray,Malfunction,Topic 8,0
2026-07-03,"Instrument, Vitreous Aspiration And Cutt",Malfunction,Topic 1,0
2026-07-03,General Surgery Tray,Malfunction,Topic 5,0
2026-07-03,"Vitrectomy, Instrument Cutter",Malfunction,Topic 5,0
2026-07-03,"Unit, Phacofragmentation",Injury,Topic 6,1
2026-07-03,General Surgery Tray,Malfunction,Topic 6,0
2026-07-03,"Fluid, Intraocular",Injury,Topic 6,1
2026-07-03,General Surgery Tray,Injury,Topic 6,1
2026-07-03,"Unit, Phacofragmentation",Malfunction,Topic 7,0
2026-07-03,"Lens, Intraocular, Toric Optics",Malfunction,Topic 2,0
2026-07-03,Intraocular Lens,Malfunction,Topic 2,0
2026-07-03,"Aberrometer, Ophthalmic",Malfunction,Topic 6,0
2026-07-03,"Unit, Phacofragmentation",Malfunction,Topic 6,0
2026-07-03,"Unit, Phacofragmentation",Injury,Topic 6,1
2026-07-03,"Knife, Ophthalmic",Malfunction,Topic 6,0
2026-07-03,"Unit, Phacofragmentation",Injury,Topic 6,1
2026-07-03,Intraocular Lens,Malfunction,Topic 2,0
2026-07-03,"Unit, Phacofragmentation",Malfunction,Topic 7,0
2026-07-03,"Cannula, Trocar, Ophthalmic",Malfunction,Topic 7,0
2026-07-03,Intraocular Lens,Malfunction,Topic 2,0
2026-07-03,"Lens, Intraocular, Toric Optics",Malfunction,Topic 2,0
2026-07-03,Intraocular Lens,Malfunction,Topic 2,0
2026-07-03,"Forceps, Ophthalmic",Malfunction,Topic 7,0
2026-07-03,Intraocular Lens,Injury,Topic 4,1
2026-07-03,Intraocular Lens,Malfunction,Topic 2,0
2026-07-03,"Lens, Intraocular, Toric Optics",Malfunction,Topic 2,0
2026-07-03,"Lens, Intraocular, Toric Optics",Malfunction,Topic 2,0
2026-07-03,"Knife, Ophthalmic",Malfunction,Topic 6,0
2026-07-03,Intraocular Lens,Malfunction,Topic 2,0
2026-07-03,Intraocular Lens,Malfunction,Topic 2,0
2026-07-03,General Surgery Tray,Malfunction,Topic 1,0
2026-07-03,Intraocular Lens,Malfunction,Topic 2,0
2026-07-03,Intraocular Lens,Malfunction,Topic 2,0
2026-07-03,"Lens, Multifocal Intraocular",Injury,Topic 2,1
2026-07-03,General Surgery Tray,Malfunction,Topic 8,0
2026-07-03,"Folders And Injectors, Intraocular Lens ",Malfunction,Topic 2,0
2026-07-03,"Lens, Intraocular, Toric Optics",Malfunction,Topic 2,0
2026-07-03,Intraocular Lens,Malfunction,Topic 2,0
2026-07-03,Intraocular Lens,Malfunction,Topic 2,0
2026-07-03,"Suture, Nonabsorbable, Synthetic, Polypr",Malfunction,Topic 6,0
2026-07-03,"Knife, Ophthalmic",Malfunction,Topic 7,0
2026-07-03,"Cannula, Trocar, Ophthalmic",Malfunction,Topic 7,0
2026-07-03,"Lens, Multifocal Intraocular",Malfunction,Topic 2,0
2026-07-03,Extended Depth Of Focus Intraocular Lens,Injury,Topic 4,1
2026-07-03,Intraocular Lens,Injury,Topic 4,1
2026-07-03,Intraocular Lens,Malfunction,Topic 2,0
2026-07-03,"Lens, Multifocal Intraocular",Malfunction,Topic 2,0
2026-07-03,General Surgery Tray,Malfunction,Topic 5,0
2026-07-03,Intraocular Lens,Malfunction,Topic 2,0
2026-07-03,"Unit, Phacofragmentation",Malfunction,Topic 5,0
2026-07-03,General Surgery Tray,Injury,Topic 6,1
2026-07-03,General Surgery Tray,Malfunction,Topic 5,0
2026-07-03,General Surgery Tray,Injury,Topic 6,1
2026-07-03,"Device, Irrigation, Ocular Surgery",Malfunction,Topic 7,0
2026-07-03,"Unit, Phacofragmentation",Injury,Topic 6,1
2026-07-03,General Surgery Tray,Malfunction,Topic 5,0
2026-07-03,"Lens, Intraocular, Toric Optics",Malfunction,Topic 2,0
2026-07-02,General Surgery Tray,Malfunction,Topic 3,0
2026-07-02,General Surgery Tray,Malfunction,Topic 6,0
2026-07-02,General Surgery Tray,Malfunction,Topic 1,0
2026-07-02,"Aberrometer, Ophthalmic",Injury,Topic 4,1
2026-07-02,"Unit, Phacofragmentation",Malfunction,Topic 7,0
2026-07-02,General Surgery Tray,Malfunction,Topic 1,0
2026-07-02,"Cannula, Ophthalmic",Malfunction,Topic 8,0
2026-07-02,General Surgery Tray,Malfunction,Topic 8,0
2026-07-02,General Surgery Tray,Malfunction,Topic 8,0
2026-07-02,General Surgery Tray,Malfunction,Topic 8,0
2026-07-02,General Surgery Tray,Malfunction,Topic 3,0
2026-07-02,General Surgery Tray,Malfunction,Topic 5,0
2026-07-02,General Surgery Tray,Malfunction,Topic 1,0
2026-07-02,"Lenses, Soft Contact, Daily Wear",Injury,Topic 6,1
2026-07-02,General Surgery Tray,Malfunction,Topic 5,0
2026-07-02,General Surgery Tray,Malfunction,Topic 3,0
2026-07-02,General Surgery Tray,Malfunction,Topic 3,0
2026-07-02,General Surgery Tray,Malfunction,Topic 5,0
2026-07-02,General Surgery Tray,Malfunction,Topic 3,0
2026-07-02,General Surgery Tray,Malfunction,Topic 3,0
2026-07-02,"Vitrectomy, Instrument Cutter",Malfunction,Topic 5,0
2026-07-02,General Surgery Tray,Malfunction,Topic 6,0
2026-07-02,"Unit, Phacofragmentation",Malfunction,Topic 6,0
2026-07-02,"Device, Irrigation, Ocular Surgery",Malfunction,Topic 6,0
2026-07-02,"Suture, Nonabsorbable, Synthetic, Polyam",Malfunction,Topic 7,0
2026-07-02,"Aberrometer, Ophthalmic",Injury,Topic 4,1
2026-07-02,"Unit, Phacofragmentation",Malfunction,Topic 7,0
2026-07-02,General Surgery Tray,Malfunction,Topic 5,0
2026-07-02,General Surgery Tray,Malfunction,Topic 5,0
2026-07-02,"Suture, Nonabsorbable, Synthetic, Polyam",Malfunction,Topic 6,0
2026-07-02,"Lens, Intraocular, Toric Optics",Malfunction,Topic 2,0
2026-07-02,Intraocular Lens,Injury,Topic 4,1
2026-07-02,"Lens, Intraocular, Toric Optics",Injury,Topic 4,1
2026-07-02,General Surgery Tray,Malfunction,Topic 3,0
2026-07-02,"Unit, Phacofragmentation",Malfunction,Topic 7,0
2026-07-02,Intraocular Lens,Malfunction,Topic 2,0
2026-07-02,Intraocular Lens,Malfunction,Topic 2,0
2026-07-02,General Surgery Tray,Malfunction,Topic 3,0
2026-07-02,"Vitrectomy, Instrument Cutter",Malfunction,Topic 1,0
2026-07-02,Intraocular Lens,Malfunction,Topic 2,0
2026-07-02,"Folders And Injectors, Intraocular Lens ",Injury,Topic 2,1
2026-07-02,"Instrument, Vitreous Aspiration And Cutt",Malfunction,Topic 6,0
2026-07-02,"Knife, Ophthalmic",Malfunction,Topic 6,0
2026-07-02,"Lens, Intraocular, Toric Optics",Malfunction,Topic 2,0
2026-07-02,Intraocular Lens,Malfunction,Topic 2,0
2026-07-02,General Surgery Tray,Malfunction,Topic 5,0
2026-07-02,General Surgery Tray,Malfunction,Topic 8,0
2026-07-02,"Instrument, Vitreous Aspiration And Cutt",Malfunction,Topic 8,0
2026-07-02,Intraocular Lens,Malfunction,Topic 2,0
2026-07-02,Intraocular Lens,Malfunction,Topic 2,0
2026-07-02,"Lens, Intraocular, Toric Optics",Malfunction,Topic 2,0
2026-07-02,Intraocular Lens,Malfunction,Topic 2,0
2026-07-02,"Aberrometer, Ophthalmic",Injury,Topic 4,1
2026-07-02,"Lens, Intraocular, Toric Optics",Malfunction,Topic 7,0
2026-07-02,"Aberrometer, Ophthalmic",Injury,Topic 4,1
2026-07-02,General Surgery Tray,Malfunction,Topic 8,0
2026-07-02,General Surgery Tray,Malfunction,Topic 8,0
2026-07-02,General Surgery Tray,Malfunction,Topic 5,0
2026-07-02,"Knife, Ophthalmic",Malfunction,Topic 6,0
2026-07-01,"Knife, Ophthalmic",Malfunction,Topic 7,0
2026-07-01,General Surgery Tray,Malfunction,Topic 1,0
2026-07-01,General Surgery Tray,Malfunction,Topic 8,0
2026-07-01,"Suture, Nonabsorbable, Synthetic, Polyam",Malfunction,Topic 6,0
2026-07-01,General Surgery Tray,Malfunction,Topic 5,0
2026-07-01,"Instrument, Vitreous Aspiration And Cutt",Malfunction,Topic 1,0
2026-07-01,General Surgery Tray,Malfunction,Topic 6,0
2026-07-01,General Surgery Tray,Injury,Topic 6,1
2026-07-01,"Knife, Ophthalmic",Malfunction,Topic 7,0
2026-07-01,General Surgery Tray,Malfunction,Topic 1,0
2026-07-01,General Surgery Tray,Malfunction,Topic 1,0
2026-07-01,"Unit, Phacofragmentation",Malfunction,Topic 3,0
2026-07-01,General Surgery Tray,Malfunction,Topic 3,0
2026-07-01,General Surgery Tray,Malfunction,Topic 3,0
2026-07-01,General Surgery Tray,Malfunction,Topic 1,0
2026-07-01,General Surgery Tray,Malfunction,Topic 5,0
2026-07-01,General Surgery Tray,Malfunction,Topic 8,0
2026-07-01,General Surgery Tray,Malfunction,Topic 8,0
2026-07-01,Intraocular Lens,Malfunction,Topic 2,0
2026-07-01,Extended Depth Of Focus Intraocular Lens,Injury,Topic 4,1
2026-07-01,"Unit, Phacofragmentation",Malfunction,Topic 6,0
2026-07-01,"Lens, Multifocal Intraocular",Malfunction,Topic 2,0
2026-07-01,General Surgery Tray,Malfunction,Topic 1,0
2026-07-01,General Surgery Tray,Malfunction,Topic 5,0
2026-07-01,"Folders And Injectors, Intraocular Lens ",Malfunction,Topic 2,0
2026-07-01,Intraocular Lens,Malfunction,Topic 2,0
2026-07-01,"Lens, Intraocular, Toric Optics",Malfunction,Topic 2,0
2026-07-01,"Folders And Injectors, Intraocular Lens ",Malfunction,Topic 2,0
2026-07-01,Intraocular Lens,Injury,Topic 4,1
2026-07-01,Intraocular Lens,Malfunction,Topic 2,0
2026-07-01,General Surgery Tray,Malfunction,Topic 2,0
2026-07-01,Intraocular Lens,Malfunction,Topic 2,0
2026-07-01,Intraocular Lens,Injury,Topic 4,1
2026-07-01,Intraocular Lens,Malfunction,Topic 2,0
2026-07-01,Intraocular Lens,Malfunction,Topic 7,0
2026-07-01,Intraocular Lens,Malfunction,Topic 2,0
2026-07-01,General Surgery Tray,Malfunction,Topic 5,0
2026-07-01,Intraocular Lens,Malfunction,Topic 2,0
2026-07-01,General Surgery Tray,Malfunction,Topic 3,0
2026-07-01,"Suture, Nonabsorbable, Synthetic, Polyam",Malfunction,Topic 4,0
2026-07-01,"Unit, Phacofragmentation",Malfunction,Topic 7,0
2026-07-01,Intraocular Lens,Malfunction,Topic 2,0
2026-07-01,"Folders And Injectors, Intraocular Lens ",Malfunction,Topic 2,0
2026-07-01,"Folders And Injectors, Intraocular Lens ",Malfunction,Topic 2,0
2026-07-01,General Surgery Tray,Malfunction,Topic 1,0
2026-07-01,"Lens, Intraocular, Toric Optics",Injury,Topic 4,1
2026-07-01,Intraocular Lens,Injury,Topic 4,1
2026-07-01,General Surgery Tray,Malfunction,Topic 6,0
2026-07-01,General Surgery Tray,Injury,Topic 6,1
2026-07-01,General Surgery Tray,Injury,Topic 6,1
2026-07-01,"Knife, Ophthalmic",Malfunction,Topic 7,0
2026-07-01,General Surgery Tray,Injury,Topic 6,1
2026-07-01,"Unit, Phacofragmentation",Malfunction,Topic 6,0
2026-07-01,General Surgery Tray,Malfunction,Topic 1,0
2026-07-01,Intraocular Lens,Malfunction,Topic 2,0
2026-07-01,General Surgery Tray,Malfunction,Topic 5,0
2026-07-01,Intraocular Lens,Malfunction,Topic 2,0
2026-07-01,General Surgery Tray,Malfunction,Topic 8,0
2026-07-01,"Accessories, Soft Lens Products",Malfunction,Topic 6,0
2026-07-01,General Surgery Tray,Malfunction,Topic 6,0
2026-06-30,General Surgery Tray,Malfunction,Topic 5,0
2026-06-30,General Surgery Tray,Malfunction,Topic 1,0
2026-06-30,General Surgery Tray,Malfunction,Topic 1,0
2026-06-30,General Surgery Tray,Malfunction,Topic 1,0
2026-06-30,General Surgery Tray,Malfunction,Topic 5,0
2026-06-30,General Surgery Tray,Malfunction,Topic 1,0
2026-06-30,General Surgery Tray,Malfunction,Topic 3,0
2026-06-30,General Surgery Tray,Malfunction,Topic 5,0
2026-06-30,General Surgery Tray,Malfunction,Topic 1,0
2026-06-30,General Surgery Tray,Malfunction,Topic 5,0
2026-06-30,General Surgery Tray,Malfunction,Topic 3,0
2026-06-30,General Surgery Tray,Malfunction,Topic 6,0
2026-06-30,General Surgery Tray,Malfunction,Topic 1,0
2026-06-30,"Tubing, Noninvasive",Malfunction,Topic 8,0
2026-06-30,General Surgery Tray,Malfunction,Topic 5,0
2026-06-30,General Surgery Tray,Malfunction,Topic 6,0
2026-06-30,General Surgery Tray,Malfunction,Topic 6,0
2026-06-30,General Surgery Tray,Malfunction,Topic 1,0
2026-06-30,"Vitrectomy, Instrument Cutter",Malfunction,Topic 1,0
2026-06-30,"Lens, Intraocular, Toric Optics",Malfunction,Topic 2,0
2026-06-30,General Surgery Tray,Malfunction,Topic 5,0
2026-06-30,General Surgery Tray,Malfunction,Topic 3,0
2026-06-30,Intraocular Lens,Malfunction,Topic 2,0
2026-06-30,General Surgery Tray,Malfunction,Topic 8,0
2026-06-30,"Lens, Intraocular, Toric Optics",Malfunction,Topic 4,0
2026-06-30,General Surgery Tray,Malfunction,Topic 3,0
2026-06-30,Intraocular Lens,Malfunction,Topic 7,0
2026-06-30,Intraocular Lens,Malfunction,Topic 2,0
2026-06-30,"Unit, Phacofragmentation",Injury,Topic 6,1
2026-06-30,Intraocular Lens,Malfunction,Topic 2,0
2026-06-30,Intraocular Lens,Injury,Topic 4,1
2026-06-30,"Knife, Ophthalmic",Malfunction,Topic 7,0
2026-06-30,Intraocular Lens,Malfunction,Topic 6,0
2026-06-30,"Lens, Intraocular, Toric Optics",Malfunction,Topic 8,0
2026-06-30,"Lens, Intraocular, Toric Optics",Injury,Topic 4,1
2026-06-30,"Unit, Phacofragmentation",Malfunction,Topic 7,0
2026-06-30,General Surgery Tray,Malfunction,Topic 3,0
2026-06-30,Intraocular Lens,Malfunction,Topic 8,0
2026-06-30,General Surgery Tray,Malfunction,Topic 5,0
2026-06-30,Intraocular Lens,Malfunction,Topic 2,0
2026-06-30,Intraocular Lens,Malfunction,Topic 2,0
2026-06-30,Intraocular Lens,Malfunction,Topic 2,0
2026-06-30,"Lens, Intraocular, Toric Optics",Malfunction,Topic 2,0
2026-06-30,"Instrument, Vitreous Aspiration And Cutt",Malfunction,Topic 6,0
2026-06-30,General Surgery Tray,Malfunction,Topic 1,0
2026-06-30,"Lens, Intraocular, Toric Optics",Malfunction,Topic 2,0
2026-06-30,"Lens, Multifocal Intraocular",Injury,Topic 4,1
2026-06-30,General Surgery Tray,Malfunction,Topic 5,0
2026-06-30,General Surgery Tray,Malfunction,Topic 5,0
2026-06-30,General Surgery Tray,Malfunction,Topic 5,0
2026-06-30,Intraocular Pressure Lowering Implant,Malfunction,Topic 8,0
2026-06-30,"Vitrectomy, Instrument Cutter",Malfunction,Topic 5,0
2026-06-29,General Surgery Tray,Malfunction,Topic 3,0
2026-06-29,"Lenses, Soft Contact, Daily Wear",Injury,Topic 6,1
2026-06-29,"Unit, Phacofragmentation",Malfunction,Topic 7,0
2026-06-29,General Surgery Tray,Malfunction,Topic 5,0
2026-06-29,Intraocular Lens,Injury,Topic 4,1
2026-06-29,Intraocular Lens,Injury,Topic 4,1
2026-06-29,Extended Depth Of Focus Intraocular Lens,Injury,Topic 4,1
2026-06-29,Intraocular Lens,Malfunction,Topic 2,0
2026-06-29,General Surgery Tray,Malfunction,Topic 1,0
2026-06-29,General Surgery Tray,Malfunction,Topic 5,0
2026-06-29,Intraocular Lens,Malfunction,Topic 2,0
2026-06-29,"Unit, Phacofragmentation",Malfunction,Topic 1,0
2026-06-29,"Unit, Phacofragmentation",Malfunction,Topic 6,0
2026-06-29,"Knife, Ophthalmic",Malfunction,Topic 7,0
2026-06-29,"Tubing, Noninvasive",Malfunction,Topic 3,0
2026-06-29,General Surgery Tray,Malfunction,Topic 1,0
2026-06-29,General Surgery Tray,Malfunction,Topic 8,0
2026-06-29,Intraocular Lens,Injury,Topic 4,1
2026-06-29,Intraocular Lens,Malfunction,Topic 2,0
2026-06-29,Extended Depth Of Focus Intraocular Lens,Injury,Topic 4,1
2026-06-29,Intraocular Lens,Malfunction,Topic 6,0
2026-06-29,"Lens, Intraocular, Toric Optics",Injury,Topic 4,1
2026-06-29,"Cannula, Trocar, Ophthalmic",Malfunction,Topic 7,0
2026-06-29,"Lens, Multifocal Intraocular",Malfunction,Topic 2,0
2026-06-29,"Unit, Phacofragmentation",Malfunction,Topic 7,0
2026-06-29,"Lens, Intraocular, Toric Optics",Injury,Topic 4,1
2026-06-29,General Surgery Tray,Malfunction,Topic 1,0
2026-06-29,"Lens, Multifocal Intraocular",Injury,Topic 4,1
2026-06-29,General Surgery Tray,Malfunction,Topic 1,0
2026-06-29,General Surgery Tray,Malfunction,Topic 5,0
2026-06-29,General Surgery Tray,Malfunction,Topic 3,0
2026-06-29,General Surgery Tray,Malfunction,Topic 1,0
2026-06-29,"Instrument, Vitreous Aspiration And Cutt",Malfunction,Topic 3,0
2026-06-29,General Surgery Tray,Malfunction,Topic 3,0
2026-06-29,General Surgery Tray,Malfunction,Topic 5,0
2026-06-28,General Surgery Tray,Malfunction,Topic 1,0
2026-06-28,General Surgery Tray,Malfunction,Topic 8,0
2026-06-28,General Surgery Tray,Malfunction,Topic 3,0
2026-06-28,General Surgery Tray,Malfunction,Topic 3,0
2026-06-28,"Instrument, Vitreous Aspiration And Cutt",Malfunction,Topic 5,0
2026-06-28,"Aberrometer, Ophthalmic",Malfunction,Topic 6,0
2026-06-28,"Aberrometer, Ophthalmic",Malfunction,Topic 6,0
2026-06-28,General Surgery Tray,Malfunction,Topic 3,0
2026-06-26,"Unit, Phacofragmentation",Malfunction,Topic 7,0
2026-06-26,General Surgery Tray,Malfunction,Topic 8,0
2026-06-26,General Surgery Tray,Malfunction,Topic 8,0
2026-06-26,General Surgery Tray,Malfunction,Topic 1,0
2026-06-26,General Surgery Tray,Malfunction,Topic 8,0
2026-06-26,General Surgery Tray,Malfunction,Topic 3,0
2026-06-26,"Lens, Guide, Intraocular",Malfunction,Topic 2,0
2026-06-26,General Surgery Tray,Malfunction,Topic 1,0
2026-06-26,"Instrument, Vitreous Aspiration And Cutt",Malfunction,Topic 1,0
2026-06-26,General Surgery Tray,Malfunction,Topic 5,0
2026-06-26,General Surgery Tray,Malfunction,Topic 3,0
2026-06-26,General Surgery Tray,Malfunction,Topic 5,0
2026-06-26,"Unit, Phacofragmentation",Malfunction,Topic 6,0
2026-06-26,"Unit, Phacofragmentation",Malfunction,Topic 7,0
2026-06-26,General Surgery Tray,Malfunction,Topic 5,0
2026-06-26,Intraocular Lens,Injury,Topic 2,1
2026-06-26,Intraocular Lens,Malfunction,Topic 2,0
2026-06-26,Intraocular Lens,Malfunction,Topic 2,0
2026-06-26,Intraocular Lens,Malfunction,Topic 2,0
2026-06-26,General Surgery Tray,Malfunction,Topic 1,0
2026-06-26,"Lens, Intraocular, Toric Optics",Injury,Topic 4,1
2026-06-26,Intraocular Lens,Injury,Topic 4,1
2026-06-26,"Lens, Guide, Intraocular",Malfunction,Topic 2,0
2026-06-26,"Lens, Guide, Intraocular",Malfunction,Topic 2,0
2026-06-26,"Unit, Phacofragmentation",Malfunction,Topic 7,0
2026-06-26,General Surgery Tray,Malfunction,Topic 5,0
2026-06-26,"Cannula, Trocar, Ophthalmic",Malfunction,Topic 1,0
2026-06-26,Intraocular Lens,Malfunction,Topic 2,0
2026-06-26,"Lens, Intraocular, Toric Optics",Injury,Topic 4,1
2026-06-26,Extended Depth Of Focus Intraocular Lens,Injury,Topic 4,1
2026-06-26,Intraocular Lens,Malfunction,Topic 2,0
2026-06-26,"Instrument, Vitreous Aspiration And Cutt",Malfunction,Topic 3,0
2026-06-26,"Unit, Phacofragmentation",Malfunction,Topic 6,0
2026-06-26,"Unit, Phacofragmentation",Malfunction,Topic 6,0
2026-06-26,"Lens, Guide, Intraocular",Malfunction,Topic 2,0
2026-06-26,"Unit, Phacofragmentation",Malfunction,Topic 1,0
2026-06-26,"Instrument, Vitreous Aspiration And Cutt",Malfunction,Topic 6,0
2026-06-26,Intraocular Lens,Malfunction,Topic 2,0
2026-06-26,Intraocular Lens,Malfunction,Topic 2,0
2026-06-26,Intraocular Lens,Malfunction,Topic 2,0
2026-06-26,"Lens, Guide, Intraocular",Malfunction,Topic 2,0
2026-06-26,Intraocular Lens,Malfunction,Topic 2,0
2026-06-26,Intraocular Lens,Malfunction,Topic 2,0
2026-06-26,"Lens, Intraocular, Toric Optics",Malfunction,Topic 2,0
2026-06-26,"Lens, Guide, Intraocular",Malfunction,Topic 2,0
2026-06-26,Intraocular Lens,Malfunction,Topic 2,0
2026-06-26,Extended Depth Of Focus Intraocular Lens,Injury,Topic 6,1
2026-06-26,Extended Depth Of Focus Intraocular Lens,Injury,Topic 6,1
2026-06-26,Extended Depth Of Focus Intraocular Lens,Injury,Topic 4,1
2026-06-26,Intraocular Lens,Injury,Topic 2,1
2026-06-26,"Lens, Multifocal Intraocular",Injury,Topic 4,1
2026-06-26,"Knife, Ophthalmic",Malfunction,Topic 7,0
2026-06-26,Intraocular Lens,Injury,Topic 4,1
2026-06-26,"Folders And Injectors, Intraocular Lens ",Malfunction,Topic 2,0
2026-06-26,"Unit, Phacofragmentation",Malfunction,Topic 7,0
2026-06-26,Intraocular Lens,Malfunction,Topic 2,0
2026-06-26,Intraocular Lens,Injury,Topic 4,1
2026-06-26,Intraocular Lens,Malfunction,Topic 2,0
2026-06-26,Intraocular Lens,Injury,Topic 4,1
2026-06-26,"Unit, Phacofragmentation",Malfunction,Topic 3,0
2026-06-26,"Lens, Multifocal Intraocular",Injury,Topic 4,1
2026-06-26,Intraocular Lens,Malfunction,Topic 2,0
2026-06-26,"Lens, Guide, Intraocular",Malfunction,Topic 2,0
2026-06-26,Intraocular Lens,Malfunction,Topic 2,0
2026-06-26,Intraocular Lens,Malfunction,Topic 2,0
2026-06-26,"Lens, Intraocular, Toric Optics",Malfunction,Topic 2,0
2026-06-26,"Folders And Injectors, Intraocular Lens ",Malfunction,Topic 2,0
2026-06-26,"Lens, Intraocular, Toric Optics",Injury,Topic 4,1
2026-06-26,Extended Depth Of Focus Intraocular Lens,Malfunction,Topic 2,0
2026-06-26,"Lens, Intraocular, Toric Optics",Malfunction,Topic 2,0
2026-06-26,Intraocular Lens,Injury,Topic 4,1
2026-06-26,Intraocular Lens,Malfunction,Topic 2,0
2026-06-26,"Lens, Intraocular, Toric Optics",Malfunction,Topic 6,0
2026-06-26,Intraocular Lens,Malfunction,Topic 2,0
2026-06-26,Intraocular Lens,Malfunction,Topic 2,0
2026-06-26,"Lens, Intraocular, Toric Optics",Malfunction,Topic 2,0
2026-06-26,Intraocular Lens,Malfunction,Topic 2,0
2026-06-26,"Lens, Intraocular, Toric Optics",Malfunction,Topic 7,0
2026-06-26,"Cannula, Trocar, Ophthalmic",Malfunction,Topic 7,0
2026-06-26,Intraocular Lens,Malfunction,Topic 2,0
2026-06-26,Intraocular Lens,Malfunction,Topic 2,0
2026-06-25,General Surgery Tray,Malfunction,Topic 1,0
2026-06-25,General Surgery Tray,Malfunction,Topic 5,0
2026-06-25,General Surgery Tray,Malfunction,Topic 8,0
2026-06-25,General Surgery Tray,Malfunction,Topic 6,0
2026-06-25,General Surgery Tray,Malfunction,Topic 3,0
2026-06-25,General Surgery Tray,Malfunction,Topic 3,0
2026-06-25,General Surgery Tray,Malfunction,Topic 3,0
2026-06-25,General Surgery Tray,Malfunction,Topic 3,0
2026-06-25,General Surgery Tray,Malfunction,Topic 5,0
2026-06-25,General Surgery Tray,Malfunction,Topic 1,0
2026-06-25,General Surgery Tray,Malfunction,Topic 5,0
2026-06-25,General Surgery Tray,Malfunction,Topic 1,0
2026-06-25,General Surgery Tray,Malfunction,Topic 8,0
2026-06-25,General Surgery Tray,Malfunction,Topic 1,0
2026-06-25,"Knife, Ophthalmic",Malfunction,Topic 7,0
2026-06-25,"Instrument, Vitreous Aspiration And Cutt",Malfunction,Topic 6,0
2026-06-25,General Surgery Tray,Malfunction,Topic 3,0
2026-06-25,Intraocular Pressure Lowering Implant,Malfunction,Topic 8,0
2026-06-25,Intraocular Pressure Lowering Implant,Malfunction,Topic 2,0
2026-06-25,Intraocular Lens,Malfunction,Topic 2,0
2026-06-25,"Vitrectomy, Instrument Cutter",Malfunction,Topic 1,0
2026-06-25,General Surgery Tray,Malfunction,Topic 6,0
2026-06-25,"Knife, Ophthalmic",Malfunction,Topic 7,0
2026-06-25,"Unit, Phacofragmentation",Malfunction,Topic 6,0
2026-06-25,"Device, Irrigation, Ocular Surgery",Malfunction,Topic 6,0
2026-06-25,"Instrument, Vitreous Aspiration And Cutt",Malfunction,Topic 6,0
2026-06-25,"Unit, Phacofragmentation",Malfunction,Topic 6,0
2026-06-25,"Lens, Intraocular, Toric Optics",Malfunction,Topic 2,0
2026-06-25,"Lens, Intraocular, Toric Optics",Malfunction,Topic 2,0
2026-06-25,"Folders And Injectors, Intraocular Lens ",Malfunction,Topic 2,0
2026-06-25,General Surgery Tray,Malfunction,Topic 8,0
2026-06-25,"Unit, Phacofragmentation",Malfunction,Topic 7,0
2026-06-25,"Unit, Phacofragmentation",Malfunction,Topic 1,0
2026-06-25,General Surgery Tray,Malfunction,Topic 1,0
2026-06-25,"Lens, Guide, Intraocular",Malfunction,Topic 2,0
2026-06-25,"Unit, Phacofragmentation",Malfunction,Topic 1,0
2026-06-25,"Unit, Phacofragmentation",Malfunction,Topic 5,0
2026-06-25,"Knife, Ophthalmic",Malfunction,Topic 7,0
2026-06-25,"Folders And Injectors, Intraocular Lens ",Malfunction,Topic 2,0
2026-06-25,Intraocular Lens,Malfunction,Topic 2,0
2026-06-25,"Unit, Phacofragmentation",Malfunction,Topic 3,0
2026-06-25,Intraocular Lens,Malfunction,Topic 2,0
2026-06-25,"Unit, Phacofragmentation",Malfunction,Topic 3,0
2026-06-25,"Lens, Multifocal Intraocular",Malfunction,Topic 2,0
2026-06-25,"Lens, Intraocular, Toric Optics",Injury,Topic 4,1
2026-06-25,Intraocular Lens,Malfunction,Topic 2,0
2026-06-25,General Surgery Tray,Malfunction,Topic 5,0
2026-06-25,"Lens, Intraocular, Toric Optics",Malfunction,Topic 2,0
2026-06-25,"Knife, Ophthalmic",Malfunction,Topic 7,0
2026-06-25,"Knife, Ophthalmic",Malfunction,Topic 7,0
2026-06-25,"Knife, Ophthalmic",Malfunction,Topic 7,0
2026-06-25,"Unit, Phacofragmentation",Malfunction,Topic 6,0
2026-06-24,General Surgery Tray,Malfunction,Topic 3,0
2026-06-24,"Unit, Phacofragmentation",Injury,Topic 6,1
2026-06-24,"Unit, Phacofragmentation",Malfunction,Topic 6,0
2026-06-24,General Surgery Tray,Malfunction,Topic 6,0
2026-06-24,General Surgery Tray,Malfunction,Topic 3,0
2026-06-24,General Surgery Tray,Malfunction,Topic 5,0
2026-06-24,General Surgery Tray,Injury,Topic 8,1
2026-06-24,General Surgery Tray,Malfunction,Topic 8,0
2026-06-24,Intraocular Lens,Malfunction,Topic 8,0
2026-06-24,General Surgery Tray,Malfunction,Topic 8,0
2026-06-24,General Surgery Tray,Malfunction,Topic 6,0
2026-06-24,General Surgery Tray,Malfunction,Topic 3,0
2026-06-24,General Surgery Tray,Malfunction,Topic 5,0
2026-06-24,General Surgery Tray,Malfunction,Topic 6,0
2026-06-24,General Surgery Tray,Malfunction,Topic 5,0
2026-06-24,General Surgery Tray,Malfunction,Topic 6,0
2026-06-24,"Unit, Phacofragmentation",Malfunction,Topic 6,0
2026-06-24,Intraocular Lens,Malfunction,Topic 2,0
2026-06-24,"Lens, Intraocular, Toric Optics",Malfunction,Topic 2,0
2026-06-24,Intraocular Lens,Injury,Topic 4,1
2026-06-24,"Aberrometer, Ophthalmic",Injury,Topic 4,1
2026-06-24,"Unit, Phacofragmentation",Malfunction,Topic 8,0
2026-06-24,Intraocular Lens,Malfunction,Topic 2,0
2026-06-24,General Surgery Tray,Malfunction,Topic 5,0
2026-06-24,Intraocular Lens,Malfunction,Topic 2,0
2026-06-24,Intraocular Lens,Malfunction,Topic 2,0
2026-06-24,"Lens, Intraocular, Toric Optics",Injury,Topic 4,1
2026-06-24,Intraocular Lens,Malfunction,Topic 2,0
2026-06-24,"Unit, Phacofragmentation",Injury,Topic 7,1
2026-06-24,Intraocular Lens,Malfunction,Topic 2,0
2026-06-24,General Surgery Tray,Malfunction,Topic 3,0
2026-06-24,Intraocular Lens,Malfunction,Topic 2,0
2026-06-24,General Surgery Tray,Malfunction,Topic 3,0
2026-06-24,"Lens, Multifocal Intraocular",Malfunction,Topic 2,0
2026-06-24,"Unit, Phacofragmentation",Malfunction,Topic 7,0
2026-06-24,Intraocular Lens,Malfunction,Topic 2,0
2026-06-24,"Lens, Intraocular, Toric Optics",Injury,Topic 4,1
2026-06-24,"Aberrometer, Ophthalmic",Injury,Topic 4,1
2026-06-24,Ophthalmic Femtosecond Laser,Injury,Topic 6,1
2026-06-23,General Surgery Tray,Malfunction,Topic 3,0
2026-06-23,General Surgery Tray,Malfunction,Topic 1,0
2026-06-23,General Surgery Tray,Malfunction,Topic 6,0
2026-06-23,"Unit, Phacofragmentation",Malfunction,Topic 1,0
2026-06-23,General Surgery Tray,Malfunction,Topic 5,0
2026-06-23,General Surgery Tray,Malfunction,Topic 3,0
2026-06-23,General Surgery Tray,Malfunction,Topic 3,0
2026-06-23,Ophthalmic Femtosecond Laser,Malfunction,Topic 5,0
2026-06-23,General Surgery Tray,Malfunction,Topic 8,0
2026-06-23,General Surgery Tray,Malfunction,Topic 3,0
2026-06-23,General Surgery Tray,Malfunction,Topic 3,0
2026-06-23,General Surgery Tray,Malfunction,Topic 5,0
2026-06-23,"Knife, Ophthalmic",Malfunction,Topic 7,0
2026-06-23,"Unit, Phacofragmentation",Malfunction,Topic 8,0
2026-06-23,General Surgery Tray,Malfunction,Topic 8,0
2026-06-23,"Lens, Multifocal Intraocular",Injury,Topic 4,1
2026-06-23,"Unit, Phacofragmentation",Malfunction,Topic 6,0
2026-06-23,Ophthalmic Femtosecond Laser,Malfunction,Topic 6,0
2026-06-23,"Unit, Phacofragmentation",Injury,Topic 6,1
2026-06-23,General Surgery Tray,Malfunction,Topic 3,0
2026-06-23,General Surgery Tray,Malfunction,Topic 8,0
2026-06-23,Intraocular Lens,Malfunction,Topic 2,0
2026-06-23,General Surgery Tray,Malfunction,Topic 3,0
2026-06-23,Intraocular Lens,Injury,Topic 4,1
2026-06-23,General Surgery Tray,Malfunction,Topic 3,0
2026-06-23,General Surgery Tray,Malfunction,Topic 1,0
2026-06-23,General Surgery Tray,Malfunction,Topic 1,0
2026-06-23,Intraocular Lens,Malfunction,Topic 7,0
2026-06-23,"Folders And Injectors, Intraocular Lens ",Malfunction,Topic 2,0
2026-06-23,"Accessories, Soft Lens Products",Injury,Topic 6,1
2026-06-23,General Surgery Tray,Malfunction,Topic 3,0
2026-06-23,"Lens, Multifocal Intraocular",Malfunction,Topic 2,0
2026-06-23,Intraocular Lens,Malfunction,Topic 2,0
2026-06-23,General Surgery Tray,Malfunction,Topic 8,0
2026-06-23,Extended Depth Of Focus Intraocular Lens,Injury,Topic 4,1
2026-06-23,General Surgery Tray,Malfunction,Topic 6,0
2026-06-23,General Surgery Tray,Malfunction,Topic 8,0
2026-06-23,Intraocular Lens,Malfunction,Topic 2,0
2026-06-23,General Surgery Tray,Malfunction,Topic 3,0
2026-06-23,"Aberrometer, Ophthalmic",Injury,Topic 6,1
2026-06-23,"Lens, Guide, Intraocular",Malfunction,Topic 2,0
2026-06-23,Intraocular Lens,Malfunction,Topic 2,0
2026-06-23,Extended Depth Of Focus Intraocular Lens,Malfunction,Topic 2,0
2026-06-23,General Surgery Tray,Injury,Topic 3,1
2026-06-23,Extended Depth Of Focus Intraocular Lens,Malfunction,Topic 2,0
2026-06-23,Intraocular Lens,Malfunction,Topic 2,0
2026-06-23,"Unit, Phacofragmentation",Malfunction,Topic 7,0
2026-06-23,"Lens, Intraocular, Toric Optics",Injury,Topic 2,1
2026-06-22,"Instrument, Vitreous Aspiration And Cutt",Malfunction,Topic 1,0
2026-06-22,"Lens, Intraocular, Toric Optics",Malfunction,Topic 2,0
2026-06-22,General Surgery Tray,Malfunction,Topic 6,0
2026-06-22,"Laser, Ophthalmic",Malfunction,Topic 7,0
2026-06-22,"Lens, Multifocal Intraocular",Injury,Topic 4,1
2026-06-22,General Surgery Tray,Malfunction,Topic 5,0
2026-06-22,General Surgery Tray,Malfunction,Topic 5,0
2026-06-22,General Surgery Tray,Malfunction,Topic 5,0
2026-06-22,General Surgery Tray,Malfunction,Topic 5,0
2026-06-22,General Surgery Tray,Malfunction,Topic 5,0
2026-06-22,General Surgery Tray,Malfunction,Topic 3,0
2026-06-22,General Surgery Tray,Malfunction,Topic 3,0
2026-06-22,General Surgery Tray,Malfunction,Topic 3,0
2026-06-22,General Surgery Tray,Malfunction,Topic 8,0
2026-06-22,General Surgery Tray,Malfunction,Topic 3,0
2026-06-22,"Cannula, Trocar, Ophthalmic",Malfunction,Topic 8,0
2026-06-22,"Lens, Intraocular, Toric Optics",Malfunction,Topic 2,0
2026-06-22,"Lens, Intraocular, Toric Optics",Injury,Topic 4,1
2026-06-22,General Surgery Tray,Malfunction,Topic 8,0
2026-06-22,"Lens, Intraocular, Toric Optics",Injury,Topic 4,1
2026-06-22,General Surgery Tray,Malfunction,Topic 5,0
2026-06-22,"Lens, Intraocular, Toric Optics",Malfunction,Topic 2,0
2026-06-22,"Lens, Multifocal Intraocular",Malfunction,Topic 2,0
2026-06-22,Intraocular Lens,Malfunction,Topic 2,0
2026-06-22,"Instrument, Vitreous Aspiration And Cutt",Malfunction,Topic 8,0
2026-06-22,General Surgery Tray,Malfunction,Topic 1,0
2026-06-22,Intraocular Lens,Malfunction,Topic 2,0
2026-06-22,Intraocular Lens,Malfunction,Topic 2,0
2026-06-22,"Lens, Guide, Intraocular",Malfunction,Topic 2,0
2026-06-22,"Unit, Phacofragmentation",Malfunction,Topic 6,0
2026-06-22,Intraocular Lens,Malfunction,Topic 2,0
2026-06-22,"Unit, Phacofragmentation",Malfunction,Topic 5,0
2026-06-22,Intraocular Pressure Lowering Implant,Malfunction,Topic 8,0
2026-06-22,Intraocular Pressure Lowering Implant,Malfunction,Topic 8,0
2026-06-22,General Surgery Tray,Malfunction,Topic 3,0
2026-06-22,General Surgery Tray,Malfunction,Topic 5,0
2026-06-22,Intraocular Lens,Malfunction,Topic 2,0
2026-06-22,General Surgery Tray,Malfunction,Topic 3,0
2026-06-22,"Unit, Phacofragmentation",Malfunction,Topic 7,0
2026-06-22,"Lens, Intraocular, Toric Optics",Malfunction,Topic 2,0
2026-06-22,"Unit, Phacofragmentation",Malfunction,Topic 7,0
2026-06-22,General Surgery Tray,Malfunction,Topic 5,0
2026-06-22,General Surgery Tray,Malfunction,Topic 5,0
2026-06-22,Intraocular Lens,Malfunction,Topic 2,0
2026-06-22,Extended Depth Of Focus Intraocular Lens,Malfunction,Topic 2,0
2026-06-22,Intraocular Lens,Malfunction,Topic 2,0
2026-06-22,Intraocular Lens,Malfunction,Topic 2,0
2026-06-22,Intraocular Lens,Malfunction,Topic 2,0
2026-06-22,Intraocular Lens,Malfunction,Topic 2,0
2026-06-22,"Lens, Intraocular, Toric Optics",Malfunction,Topic 2,0
2026-06-22,Intraocular Lens,Malfunction,Topic 2,0
2026-06-22,Extended Depth Of Focus Intraocular Lens,Injury,Topic 4,1
2026-06-22,"Lens, Intraocular, Toric Optics",Injury,Topic 4,1
2026-06-22,Intraocular Lens,Malfunction,Topic 2,0
2026-06-22,Ophthalmic Femtosecond Laser,Malfunction,Topic 6,0
2026-06-22,Ophthalmic Femtosecond Laser,Malfunction,Topic 6,0
2026-06-22,Ophthalmic Femtosecond Laser,Malfunction,Topic 6,0
2026-06-22,"Lens, Intraocular, Toric Optics",Malfunction,Topic 2,0
2026-06-22,Intraocular Lens,Malfunction,Topic 2,0
2026-06-22,Intraocular Lens,Malfunction,Topic 2,0
2026-06-22,"Lens, Intraocular, Toric Optics",Malfunction,Topic 2,0
2026-06-22,"Lens, Multifocal Intraocular",Malfunction,Topic 2,0
2026-06-21,General Surgery Tray,Malfunction,Topic 3,0
2026-06-21,General Surgery Tray,Malfunction,Topic 3,0
2026-06-21,General Surgery Tray,Malfunction,Topic 3,0
2026-06-21,Intraocular Lens,Malfunction,Topic 2,0
2026-06-21,"Lens, Intraocular, Toric Optics",Injury,Topic 4,1
2026-06-19,General Surgery Tray,Malfunction,Topic 5,0
2026-06-19,General Surgery Tray,Malfunction,Topic 1,0
2026-06-19,"Lens, Intraocular, Toric Optics",Malfunction,Topic 2,0
2026-06-19,Intraocular Lens,Malfunction,Topic 2,0
2026-06-19,"Lens, Intraocular, Toric Optics",Injury,Topic 4,1
2026-06-19,"Unit, Phacofragmentation",Malfunction,Topic 7,0
2026-06-19,"Knife, Ophthalmic",Malfunction,Topic 7,0
2026-06-19,Intraocular Lens,Malfunction,Topic 2,0
2026-06-19,"Lens, Guide, Intraocular",Malfunction,Topic 7,0
2026-06-19,"Cannula, Trocar, Ophthalmic",Malfunction,Topic 7,0
2026-06-19,"Cannula, Ophthalmic",Malfunction,Topic 6,0
2026-06-19,"Unit, Phacofragmentation",Malfunction,Topic 6,0
2026-06-19,Intraocular Lens,Malfunction,Topic 2,0
2026-06-19,"Unit, Phacofragmentation",Malfunction,Topic 8,0
2026-06-19,General Surgery Tray,Malfunction,Topic 3,0
2026-06-19,General Surgery Tray,Malfunction,Topic 3,0
2026-06-19,"Instrument, Vitreous Aspiration And Cutt",Malfunction,Topic 5,0
2026-06-19,General Surgery Tray,Malfunction,Topic 5,0
2026-06-19,General Surgery Tray,Malfunction,Topic 8,0
2026-06-19,Intraocular Lens,Malfunction,Topic 2,0
2026-06-19,General Surgery Tray,Malfunction,Topic 6,0
2026-06-19,"Unit, Phacofragmentation",Malfunction,Topic 6,0
2026-06-19,"Unit, Phacofragmentation",Malfunction,Topic 5,0
2026-06-19,"Unit, Phacofragmentation",Malfunction,Topic 7,0
2026-06-19,"Device, Irrigation, Ocular Surgery",Malfunction,Topic 6,0
2026-06-19,"Knife, Ophthalmic",Malfunction,Topic 8,0
2026-06-19,"Device, Irrigation, Ocular Surgery",Malfunction,Topic 6,0
2026-06-19,Intraocular Lens,Injury,Topic 4,1
2026-06-19,"Lens, Intraocular, Toric Optics",Malfunction,Topic 2,0
2026-06-19,General Surgery Tray,Malfunction,Topic 6,0
2026-06-19,"Lens, Intraocular, Toric Optics",Malfunction,Topic 2,0
2026-06-19,"Lens, Intraocular, Toric Optics",Injury,Topic 4,1
2026-06-19,"Lens, Guide, Intraocular",Malfunction,Topic 2,0
2026-06-19,"Lens, Intraocular, Toric Optics",Malfunction,Topic 2,0
2026-06-19,"Unit, Phacofragmentation",Malfunction,Topic 3,0
2026-06-19,"Unit, Phacofragmentation",Malfunction,Topic 5,0
2026-06-19,General Surgery Tray,Injury,Topic 6,1
2026-06-19,"Unit, Phacofragmentation",Malfunction,Topic 1,0
2026-06-19,Intraocular Lens,Malfunction,Topic 2,0
2026-06-19,"Folders And Injectors, Intraocular Lens ",Malfunction,Topic 2,0
2026-06-19,"Lens, Intraocular, Toric Optics",Malfunction,Topic 2,0
2026-06-19,Intraocular Lens,Injury,Topic 4,1
2026-06-19,"Lens, Multifocal Intraocular",Injury,Topic 4,1
2026-06-19,General Surgery Tray,Malfunction,Topic 6,0
2026-06-19,"Unit, Phacofragmentation",Malfunction,Topic 7,0
2026-06-19,"Lens, Guide, Intraocular",Malfunction,Topic 2,0
2026-06-19,"Unit, Phacofragmentation",Injury,Topic 6,1
2026-06-19,"Unit, Phacofragmentation",Malfunction,Topic 6,0
2026-06-19,Extended Depth Of Focus Intraocular Lens,Malfunction,Topic 2,0
2026-06-19,General Surgery Tray,Malfunction,Topic 3,0
2026-06-19,General Surgery Tray,Malfunction,Topic 3,0
2026-06-19,General Surgery Tray,Malfunction,Topic 3,0
2026-06-19,"Lens, Intraocular, Toric Optics",Malfunction,Topic 2,0
2026-06-19,Intraocular Lens,Injury,Topic 4,1
2026-06-19,Intraocular Lens,Malfunction,Topic 2,0
2026-06-18,General Surgery Tray,Malfunction,Topic 3,0
2026-06-18,General Surgery Tray,Malfunction,Topic 3,0
2026-06-18,General Surgery Tray,Malfunction,Topic 3,0
2026-06-18,General Surgery Tray,Malfunction,Topic 3,0
2026-06-18,General Surgery Tray,Malfunction,Topic 3,0
2026-06-18,General Surgery Tray,Malfunction,Topic 1,0
2026-06-18,General Surgery Tray,Malfunction,Topic 8,0
2026-06-18,General Surgery Tray,Malfunction,Topic 8,0
2026-06-18,General Surgery Tray,Malfunction,Topic 1,0
2026-06-18,"Tubing, Noninvasive",Malfunction,Topic 1,0
2026-06-18,Ophthalmic Femtosecond Laser,Malfunction,Topic 6,0
2026-06-18,"Unit, Phacofragmentation",Malfunction,Topic 1,0
2026-06-18,Ophthalmic Femtosecond Laser,Malfunction,Topic 6,0
2026-06-18,Ophthalmic Femtosecond Laser,Malfunction,Topic 6,0
2026-06-18,General Surgery Tray,Malfunction,Topic 5,0
2026-06-18,General Surgery Tray,Malfunction,Topic 3,0
2026-06-18,General Surgery Tray,Malfunction,Topic 3,0
2026-06-18,"Tubing, Noninvasive",Malfunction,Topic 8,0
2026-06-18,General Surgery Tray,Malfunction,Topic 1,0
2026-06-18,"Knife, Ophthalmic",Malfunction,Topic 6,0
2026-06-18,"Laser, Ophthalmic",Malfunction,Topic 7,0
2026-06-18,General Surgery Tray,Malfunction,Topic 3,0
2026-06-18,General Surgery Tray,Malfunction,Topic 3,0
2026-06-18,General Surgery Tray,Malfunction,Topic 1,0
2026-06-18,General Surgery Tray,Malfunction,Topic 6,0
2026-06-18,General Surgery Tray,Malfunction,Topic 8,0
2026-06-18,General Surgery Tray,Malfunction,Topic 1,0
2026-06-18,"Cannula, Trocar, Ophthalmic",Malfunction,Topic 8,0
2026-06-18,General Surgery Tray,Malfunction,Topic 8,0
2026-06-18,"Knife, Ophthalmic",Malfunction,Topic 7,0
2026-06-18,General Surgery Tray,Malfunction,Topic 3,0
2026-06-18,"Forceps, Ophthalmic",Malfunction,Topic 8,0
2026-06-18,"Suture, Nonabsorbable, Synthetic, Polyam",Malfunction,Topic 7,0
2026-06-18,"Unit, Phacofragmentation",Malfunction,Topic 7,0
2026-06-18,Intraocular Lens,Injury,Topic 4,1
2026-06-18,"Suture, Nonabsorbable, Synthetic, Polyam",Malfunction,Topic 7,0
2026-06-18,"Instrument, Vitreous Aspiration And Cutt",Malfunction,Topic 6,0
2026-06-18,"Suture, Nonabsorbable, Synthetic, Polyam",Malfunction,Topic 7,0
2026-06-18,General Surgery Tray,Malfunction,Topic 3,0
2026-06-18,Intraocular Lens,Malfunction,Topic 2,0
2026-06-18,"Unit, Phacofragmentation",Malfunction,Topic 6,0
2026-06-18,General Surgery Tray,Malfunction,Topic 1,0
2026-06-18,General Surgery Tray,Malfunction,Topic 3,0
2026-06-18,"Unit, Phacofragmentation",Malfunction,Topic 1,0
2026-06-18,"Folders And Injectors, Intraocular Lens ",Malfunction,Topic 2,0
2026-06-18,"Lens, Intraocular, Toric Optics",Injury,Topic 2,1
2026-06-18,Intraocular Lens,Injury,Topic 2,1
2026-06-18,"Lens, Intraocular, Toric Optics",Injury,Topic 4,1
2026-06-18,"Lens, Intraocular, Toric Optics",Malfunction,Topic 2,0
2026-06-18,Intraocular Lens,Malfunction,Topic 2,0
2026-06-18,"Unit, Phacofragmentation",Malfunction,Topic 1,0
2026-06-18,"Lens, Intraocular, Toric Optics",Malfunction,Topic 2,0
2026-06-18,General Surgery Tray,Malfunction,Topic 1,0
2026-06-18,"Knife, Ophthalmic",Malfunction,Topic 6,0
2026-06-18,Intraocular Lens,Malfunction,Topic 2,0
2026-06-18,Intraocular Pressure Lowering Implant,Injury,Topic 6,1
2026-06-17,General Surgery Tray,Malfunction,Topic 5,0
2026-06-17,General Surgery Tray,Malfunction,Topic 3,0
2026-06-17,"Instrument, Vitreous Aspiration And Cutt",Malfunction,Topic 1,0
2026-06-17,General Surgery Tray,Malfunction,Topic 5,0
2026-06-17,General Surgery Tray,Malfunction,Topic 1,0
2026-06-17,General Surgery Tray,Malfunction,Topic 8,0
2026-06-17,General Surgery Tray,Malfunction,Topic 8,0
2026-06-17,General Surgery Tray,Malfunction,Topic 1,0
2026-06-17,General Surgery Tray,Malfunction,Topic 3,0
2026-06-17,General Surgery Tray,Malfunction,Topic 8,0
2026-06-17,General Surgery Tray,Malfunction,Topic 8,0
2026-06-17,General Surgery Tray,Malfunction,Topic 5,0
2026-06-17,General Surgery Tray,Malfunction,Topic 8,0
2026-06-17,General Surgery Tray,Malfunction,Topic 3,0
2026-06-17,General Surgery Tray,Malfunction,Topic 3,0
2026-06-17,"Lens, Intraocular, Toric Optics",Malfunction,Topic 2,0
2026-06-17,"Unit, Phacofragmentation",Malfunction,Topic 6,0
2026-06-17,General Surgery Tray,Malfunction,Topic 5,0
2026-06-17,"Unit, Phacofragmentation",Malfunction,Topic 8,0
2026-06-17,"Unit, Phacofragmentation",Malfunction,Topic 5,0
2026-06-17,"Unit, Phacofragmentation",Malfunction,Topic 6,0
2026-06-17,General Surgery Tray,Malfunction,Topic 5,0
2026-06-17,General Surgery Tray,Malfunction,Topic 3,0
2026-06-17,Intraocular Lens,Malfunction,Topic 2,0
2026-06-17,General Surgery Tray,Malfunction,Topic 3,0
2026-06-17,"Lens, Intraocular, Toric Optics",Malfunction,Topic 2,0
2026-06-17,"Cannula, Ophthalmic",Malfunction,Topic 8,0
2026-06-17,Intraocular Lens,Malfunction,Topic 2,0
2026-06-17,"Lens, Multifocal Intraocular",Malfunction,Topic 2,0
2026-06-17,General Surgery Tray,Malfunction,Topic 1,0
2026-06-17,Extended Depth Of Focus Intraocular Lens,Injury,Topic 4,1
2026-06-17,"Unit, Phacofragmentation",Injury,Topic 6,1
2026-06-16,Intraocular Lens,Malfunction,Topic 2,0
2026-06-16,"Forceps, Ophthalmic",Malfunction,Topic 7,0
2026-06-16,General Surgery Tray,Malfunction,Topic 1,0
2026-06-16,"Instrument, Vitreous Aspiration And Cutt",Malfunction,Topic 1,0
2026-06-16,"Unit, Phacofragmentation",Malfunction,Topic 3,0
2026-06-16,General Surgery Tray,Malfunction,Topic 5,0
2026-06-16,General Surgery Tray,Malfunction,Topic 3,0
2026-06-16,"Folders And Injectors, Intraocular Lens ",Malfunction,Topic 2,0
2026-06-16,"Unit, Phacofragmentation",Malfunction,Topic 7,0
2026-06-16,General Surgery Tray,Malfunction,Topic 3,0
2026-06-16,General Surgery Tray,Malfunction,Topic 6,0
2026-06-16,General Surgery Tray,Malfunction,Topic 5,0
2026-06-16,General Surgery Tray,Malfunction,Topic 1,0
2026-06-16,Intraocular Lens,Malfunction,Topic 2,0
2026-06-16,Ophthalmic Femtosecond Laser,Malfunction,Topic 6,0
2026-06-16,"Unit, Phacofragmentation",Malfunction,Topic 6,0
2026-06-16,"Knife, Ophthalmic",Malfunction,Topic 8,0
2026-06-16,"Fluid, Intraocular",Injury,Topic 6,1
2026-06-16,General Surgery Tray,Malfunction,Topic 1,0
2026-06-16,General Surgery Tray,Malfunction,Topic 6,0
2026-06-16,"Device, Irrigation, Ocular Surgery",Malfunction,Topic 6,0
2026-06-16,"Accessories, Soft Lens Products",Injury,Topic 6,1
2026-06-16,General Surgery Tray,Malfunction,Topic 5,0
2026-06-16,"Lens, Intraocular, Toric Optics",Malfunction,Topic 2,0
2026-06-16,"Unit, Phacofragmentation",Malfunction,Topic 3,0
2026-06-16,"Lens, Intraocular, Toric Optics",Injury,Topic 4,1
2026-06-16,Intraocular Lens,Malfunction,Topic 2,0
2026-06-16,"Aberrometer, Ophthalmic",Malfunction,Topic 6,0
2026-06-16,Intraocular Lens,Malfunction,Topic 2,0
2026-06-16,General Surgery Tray,Malfunction,Topic 5,0
2026-06-16,"Lens, Multifocal Intraocular",Injury,Topic 2,1
2026-06-16,"Unit, Phacofragmentation",Injury,Topic 6,1
2026-06-16,"Lens, Multifocal Intraocular",Injury,Topic 6,1
2026-06-16,General Surgery Tray,Malfunction,Topic 6,0
2026-06-16,"Lens, Intraocular, Toric Optics",Malfunction,Topic 2,0
2026-06-15,Ophthalmic Femtosecond Laser,Injury,Topic 6,1
2026-06-15,General Surgery Tray,Malfunction,Topic 1,0
2026-06-15,General Surgery Tray,Malfunction,Topic 1,0
2026-06-15,General Surgery Tray,Malfunction,Topic 8,0
2026-06-15,General Surgery Tray,Malfunction,Topic 5,0
2026-06-15,"Lens, Intraocular, Toric Optics",Malfunction,Topic 2,0
2026-06-15,Intraocular Lens,Malfunction,Topic 2,0
2026-06-15,"Lens, Intraocular, Toric Optics",Injury,Topic 4,1
2026-06-15,General Surgery Tray,Malfunction,Topic 3,0
2026-06-15,General Surgery Tray,Malfunction,Topic 8,0
2026-06-15,General Surgery Tray,Malfunction,Topic 6,0
2026-06-15,General Surgery Tray,Malfunction,Topic 3,0
2026-06-15,Intraocular Lens,Malfunction,Topic 2,0
2026-06-15,"Lens, Intraocular, Toric Optics",Malfunction,Topic 2,0
2026-06-15,"Lens, Intraocular, Toric Optics",Malfunction,Topic 2,0
2026-06-15,Intraocular Lens,Malfunction,Topic 2,0
2026-06-15,Intraocular Lens,Malfunction,Topic 2,0
2026-06-15,General Surgery Tray,Malfunction,Topic 8,0
2026-06-15,"Instrument, Vitreous Aspiration And Cutt",Malfunction,Topic 1,0
2026-06-15,"Instrument, Vitreous Aspiration And Cutt",Malfunction,Topic 1,0
2026-06-15,General Surgery Tray,Malfunction,Topic 6,0
2026-06-15,"Lens, Multifocal Intraocular",Injury,Topic 4,1
2026-06-15,General Surgery Tray,Malfunction,Topic 1,0
2026-06-15,"Knife, Ophthalmic",Malfunction,Topic 7,0
2026-06-15,Ophthalmic Femtosecond Laser,Injury,Topic 6,1
2026-06-15,"Laser, Ophthalmic",Malfunction,Topic 7,0
2026-06-15,"Unit, Phacofragmentation",Malfunction,Topic 7,0
2026-06-15,Intraocular Lens,Malfunction,Topic 2,0
2026-06-15,"Lens, Intraocular, Toric Optics",Injury,Topic 4,1
2026-06-15,"Instrument, Vitreous Aspiration And Cutt",Malfunction,Topic 5,0
2026-06-15,Intraocular Lens,Malfunction,Topic 2,0
2026-06-15,"Unit, Phacofragmentation",Malfunction,Topic 8,0
2026-06-15,"Unit, Phacofragmentation",Malfunction,Topic 3,0
2026-06-15,General Surgery Tray,Malfunction,Topic 8,0
2026-06-15,General Surgery Tray,Malfunction,Topic 3,0
2026-06-15,General Surgery Tray,Malfunction,Topic 6,0
2026-06-15,General Surgery Tray,Malfunction,Topic 6,0
2026-06-15,"Lens, Intraocular, Toric Optics",Malfunction,Topic 2,0
2026-06-15,"Forceps, Ophthalmic",Malfunction,Topic 7,0
2026-06-15,"Forceps, Ophthalmic",Malfunction,Topic 7,0
2026-06-15,General Surgery Tray,Malfunction,Topic 3,0
2026-06-15,"Unit, Phacofragmentation",Malfunction,Topic 3,0
2026-06-15,"Suture, Nonabsorbable, Synthetic, Polyam",Malfunction,Topic 8,0
2026-06-15,General Surgery Tray,Malfunction,Topic 6,0
2026-06-15,General Surgery Tray,Malfunction,Topic 3,0
2026-06-15,Intraocular Lens,Malfunction,Topic 2,0
2026-06-15,General Surgery Tray,Malfunction,Topic 6,0
2026-06-15,"Unit, Phacofragmentation",Malfunction,Topic 6,0
2026-06-15,"Lens, Intraocular, Toric Optics",Injury,Topic 4,1
2026-06-15,Intraocular Lens,Malfunction,Topic 2,0
2026-06-15,"Cannula, Trocar, Ophthalmic",Malfunction,Topic 7,0
2026-06-15,Intraocular Lens,Malfunction,Topic 2,0
2026-06-15,"Fluid, Intraocular",Injury,Topic 6,1
2026-06-15,"Lens, Multifocal Intraocular",Injury,Topic 4,1
2026-06-15,"Lens, Multifocal Intraocular",Injury,Topic 6,1
2026-06-15,"Lens, Multifocal Intraocular",Malfunction,Topic 2,0
2026-06-15,"Lens, Intraocular, Toric Optics",Malfunction,Topic 2,0
2026-06-15,"Lens, Intraocular, Toric Optics",Malfunction,Topic 2,0
2026-06-15,General Surgery Tray,Malfunction,Topic 6,0
2026-06-15,General Surgery Tray,Malfunction,Topic 3,0
2026-06-15,"Tubing, Noninvasive",Malfunction,Topic 8,0
2026-06-15,General Surgery Tray,Malfunction,Topic 3,0
2026-06-14,General Surgery Tray,Malfunction,Topic 6,0
2026-06-14,Intraocular Lens,Injury,Topic 4,1
2026-06-14,"Lens, Multifocal Intraocular",Malfunction,Topic 2,0
2026-06-13,General Surgery Tray,Malfunction,Topic 3,0
2026-06-12,"Tubing, Noninvasive",Malfunction,Topic 1,0
2026-06-12,"Tubing, Noninvasive",Malfunction,Topic 8,0
2026-06-12,General Surgery Tray,Malfunction,Topic 3,0
2026-06-12,"Vitrectomy, Instrument Cutter",Malfunction,Topic 5,0
2026-06-12,"Lens, Intraocular, Toric Optics",Malfunction,Topic 2,0
2026-06-12,General Surgery Tray,Malfunction,Topic 3,0
2026-06-12,General Surgery Tray,Malfunction,Topic 5,0
2026-06-12,General Surgery Tray,Malfunction,Topic 1,0
2026-06-12,General Surgery Tray,Malfunction,Topic 1,0
2026-06-12,General Surgery Tray,Malfunction,Topic 8,0
2026-06-12,General Surgery Tray,Malfunction,Topic 1,0
2026-06-12,General Surgery Tray,Malfunction,Topic 1,0
2026-06-12,General Surgery Tray,Malfunction,Topic 5,0
2026-06-12,General Surgery Tray,Malfunction,Topic 6,0
2026-06-12,"Lens, Intraocular, Toric Optics",Injury,Topic 4,1
2026-06-12,General Surgery Tray,Malfunction,Topic 6,0
2026-06-12,Intraocular Lens,Malfunction,Topic 2,0
2026-06-12,"Lens, Multifocal Intraocular",Injury,Topic 4,1
2026-06-12,Intraocular Lens,Malfunction,Topic 2,0
2026-06-12,Intraocular Lens,Malfunction,Topic 2,0
2026-06-12,"Lens, Intraocular, Toric Optics",Injury,Topic 4,1
2026-06-12,"Suture, Nonabsorbable, Synthetic, Polyam",Malfunction,Topic 7,0
2026-06-12,"Instrument, Vitreous Aspiration And Cutt",Malfunction,Topic 8,0
2026-06-12,General Surgery Tray,Malfunction,Topic 5,0
2026-06-12,General Surgery Tray,Malfunction,Topic 6,0
2026-06-12,"Unit, Phacofragmentation",Malfunction,Topic 7,0
2026-06-12,"Vitrectomy, Instrument Cutter",Malfunction,Topic 5,0
2026-06-12,Intraocular Lens,Malfunction,Topic 2,0
2026-06-12,General Surgery Tray,Malfunction,Topic 6,0
2026-06-12,General Surgery Tray,Malfunction,Topic 3,0
2026-06-12,"Lens, Guide, Intraocular",Malfunction,Topic 2,0
2026-06-12,"Unit, Phacofragmentation",Malfunction,Topic 3,0
2026-06-12,General Surgery Tray,Malfunction,Topic 1,0
2026-06-12,"Instrument, Vitreous Aspiration And Cutt",Malfunction,Topic 1,0
2026-06-12,"Unit, Phacofragmentation",Malfunction,Topic 8,0
2026-06-12,Extended Depth Of Focus Intraocular Lens,Malfunction,Topic 2,0
2026-06-12,Extended Depth Of Focus Intraocular Lens,Injury,Topic 6,1
2026-06-12,General Surgery Tray,Malfunction,Topic 3,0
2026-06-12,General Surgery Tray,Malfunction,Topic 3,0
2026-06-12,Extended Depth Of Focus Intraocular Lens,Malfunction,Topic 6,0
2026-06-12,"Unit, Phacofragmentation",Malfunction,Topic 7,0
2026-06-12,"Unit, Phacofragmentation",Malfunction,Topic 3,0
2026-06-12,General Surgery Tray,Malfunction,Topic 1,0
2026-06-12,"Unit, Phacofragmentation",Malfunction,Topic 7,0
2026-06-12,Intraocular Lens,Injury,Topic 2,1
2026-06-12,General Surgery Tray,Malfunction,Topic 8,0
2026-06-12,Intraocular Lens,Malfunction,Topic 2,0
2026-06-12,"Lens, Intraocular, Toric Optics",Malfunction,Topic 2,0
2026-06-12,General Surgery Tray,Malfunction,Topic 8,0
2026-06-12,General Surgery Tray,Malfunction,Topic 5,0
2026-06-12,Extended Depth Of Focus Intraocular Lens,Malfunction,Topic 2,0
2026-06-12,"Instrument, Vitreous Aspiration And Cutt",Malfunction,Topic 7,0
2026-06-12,Intraocular Lens,Malfunction,Topic 2,0
2026-06-12,"Unit, Phacofragmentation",Injury,Topic 6,1
2026-06-12,Intraocular Lens,Injury,Topic 2,1
2026-06-12,"Unit, Phacofragmentation",Malfunction,Topic 8,0
2026-06-12,"Unit, Phacofragmentation",Malfunction,Topic 6,0
2026-06-12,Intraocular Lens,Injury,Topic 2,1
2026-06-12,Intraocular Lens,Malfunction,Topic 2,0
2026-06-12,"Suture, Nonabsorbable, Synthetic, Polyam",Malfunction,Topic 7,0
2026-06-12,"Suture, Nonabsorbable, Synthetic, Polyam",Malfunction,Topic 8,0
2026-06-12,General Surgery Tray,Malfunction,Topic 3,0
2026-06-12,"Cannula, Trocar, Ophthalmic",Malfunction,Topic 7,0
2026-06-12,General Surgery Tray,Malfunction,Topic 3,0
2026-06-12,"Lens, Intraocular, Toric Optics",Injury,Topic 4,1
2026-06-12,"Unit, Phacofragmentation",Malfunction,Topic 8,0
2026-06-12,"Lens, Intraocular, Toric Optics",Malfunction,Topic 2,0
2026-06-12,General Surgery Tray,Malfunction,Topic 3,0
2026-06-12,"Instrument, Vitreous Aspiration And Cutt",Malfunction,Topic 1,0
2026-06-12,General Surgery Tray,Malfunction,Topic 3,0
2026-06-12,General Surgery Tray,Malfunction,Topic 3,0
2026-06-12,General Surgery Tray,Malfunction,Topic 3,0
2026-06-12,General Surgery Tray,Injury,Topic 6,1
2026-06-12,General Surgery Tray,Malfunction,Topic 6,0
2026-06-12,Extended Depth Of Focus Intraocular Lens,Injury,Topic 4,1
2026-06-12,General Surgery Tray,Malfunction,Topic 3,0
2026-06-12,General Surgery Tray,Malfunction,Topic 6,0
2026-06-12,"Lens, Intraocular, Toric Optics",Injury,Topic 4,1
2026-06-12,General Surgery Tray,Malfunction,Topic 3,0
2026-06-12,"Suture, Nonabsorbable, Synthetic, Polyam",Malfunction,Topic 7,0
2026-06-12,"Instrument, Vitreous Aspiration And Cutt",Malfunction,Topic 3,0
2026-06-12,General Surgery Tray,Malfunction,Topic 5,0
2026-06-12,Intraocular Lens,Injury,Topic 4,1
2026-06-12,"Lens, Guide, Intraocular",Malfunction,Topic 2,0
2026-06-12,"Lens, Intraocular, Toric Optics",Injury,Topic 4,1
2026-06-12,"Lens, Intraocular, Toric Optics",Malfunction,Topic 2,0
2026-06-12,General Surgery Tray,Malfunction,Topic 8,0
2026-06-12,General Surgery Tray,Malfunction,Topic 5,0
2026-06-12,General Surgery Tray,Malfunction,Topic 8,0
2026-06-12,General Surgery Tray,Malfunction,Topic 8,0
2026-06-11,"Knife, Ophthalmic",Malfunction,Topic 7,0
2026-06-11,General Surgery Tray,Malfunction,Topic 8,0
2026-06-11,General Surgery Tray,Malfunction,Topic 8,0
2026-06-11,General Surgery Tray,Malfunction,Topic 8,0
2026-06-11,General Surgery Tray,Malfunction,Topic 5,0
2026-06-11,General Surgery Tray,Malfunction,Topic 1,0
2026-06-11,Intraocular Lens,Malfunction,Topic 2,0
2026-06-11,General Surgery Tray,Malfunction,Topic 8,0
2026-06-11,General Surgery Tray,Malfunction,Topic 1,0
2026-06-11,General Surgery Tray,Malfunction,Topic 8,0
2026-06-11,"Instrument, Vitreous Aspiration And Cutt",Malfunction,Topic 5,0
2026-06-11,General Surgery Tray,Malfunction,Topic 1,0
2026-06-11,General Surgery Tray,Malfunction,Topic 3,0
2026-06-11,General Surgery Tray,Malfunction,Topic 3,0
2026-06-11,General Surgery Tray,Malfunction,Topic 3,0
2026-06-11,General Surgery Tray,Malfunction,Topic 8,0
2026-06-11,General Surgery Tray,Malfunction,Topic 1,0
2026-06-11,General Surgery Tray,Malfunction,Topic 8,0
2026-06-11,"Lens, Intraocular, Toric Optics",Injury,Topic 4,1
2026-06-11,"Suture, Nonabsorbable, Synthetic, Polyam",Malfunction,Topic 7,0
2026-06-11,General Surgery Tray,Malfunction,Topic 8,0
2026-06-11,"Accessories, Soft Lens Products",Injury,Topic 6,1
2026-06-11,Intraocular Lens,Malfunction,Topic 2,0
2026-06-11,"Unit, Phacofragmentation",Malfunction,Topic 6,0
2026-06-11,"Cannula, Trocar, Ophthalmic",Malfunction,Topic 1,0
2026-06-11,"Instrument, Vitreous Aspiration And Cutt",Malfunction,Topic 3,0
2026-06-11,"Unit, Phacofragmentation",Malfunction,Topic 6,0
2026-06-11,General Surgery Tray,Malfunction,Topic 1,0
2026-06-11,"Suture, Nonabsorbable, Synthetic, Polyam",Malfunction,Topic 6,0
2026-06-11,"Instrument, Vitreous Aspiration And Cutt",Malfunction,Topic 8,0
2026-06-11,General Surgery Tray,Malfunction,Topic 1,0
2026-06-11,"Unit, Phacofragmentation",Malfunction,Topic 7,0
2026-06-11,"Unit, Phacofragmentation",Malfunction,Topic 7,0
2026-06-11,General Surgery Tray,Malfunction,Topic 1,0
2026-06-11,"Suture, Nonabsorbable, Synthetic, Polyam",Malfunction,Topic 6,0
2026-06-11,Intraocular Lens,Malfunction,Topic 2,0
2026-06-11,General Surgery Tray,Malfunction,Topic 1,0
2026-06-11,General Surgery Tray,Malfunction,Topic 3,0
2026-06-11,General Surgery Tray,Malfunction,Topic 8,0
2026-06-11,"Unit, Phacofragmentation",Malfunction,Topic 7,0
2026-06-11,"Unit, Phacofragmentation",Malfunction,Topic 6,0
2026-06-11,"Fluid, Intraocular",Injury,Topic 6,1
2026-06-11,"Unit, Phacofragmentation",Malfunction,Topic 7,0
2026-06-11,"Knife, Ophthalmic",Malfunction,Topic 7,0
2026-06-11,"Lens, Intraocular, Toric Optics",Injury,Topic 4,1
2026-06-11,"Lens, Multifocal Intraocular",Malfunction,Topic 2,0
2026-06-11,"Instrument, Vitreous Aspiration And Cutt",Malfunction,Topic 1,0
2026-06-11,"Cannula, Ophthalmic",Malfunction,Topic 6,0
2026-06-11,General Surgery Tray,Malfunction,Topic 6,0
2026-06-11,"Lens, Multifocal Intraocular",Injury,Topic 4,1
2026-06-11,Intraocular Lens,Malfunction,Topic 2,0
2026-06-11,Intraocular Lens,Malfunction,Topic 2,0
2026-06-11,General Surgery Tray,Malfunction,Topic 5,0
2026-06-11,General Surgery Tray,Malfunction,Topic 5,0
2026-06-11,"Unit, Phacofragmentation",Malfunction,Topic 6,0
2026-06-10,Intraocular Lens,Malfunction,Topic 6,0
2026-06-10,Intraocular Lens,Malfunction,Topic 7,0
2026-06-10,"Lens, Intraocular, Toric Optics",Injury,Topic 4,1
2026-06-10,Extended Depth Of Focus Intraocular Lens,Injury,Topic 4,1
2026-06-10,"Lens, Intraocular, Toric Optics",Injury,Topic 4,1
2026-06-10,General Surgery Tray,Malfunction,Topic 8,0
2026-06-10,General Surgery Tray,Malfunction,Topic 8,0
2026-06-10,General Surgery Tray,Malfunction,Topic 7,0
2026-06-10,General Surgery Tray,Malfunction,Topic 5,0
2026-06-10,General Surgery Tray,Malfunction,Topic 8,0
2026-06-10,General Surgery Tray,Malfunction,Topic 3,0
2026-06-10,General Surgery Tray,Malfunction,Topic 1,0
2026-06-10,"Unit, Phacofragmentation",Malfunction,Topic 6,0
2026-06-10,"Microscope, Operating & Accessories, Ac-",Malfunction,Topic 7,0
2026-06-10,"Unit, Phacofragmentation",Malfunction,Topic 6,0
2026-06-10,General Surgery Tray,Malfunction,Topic 1,0
2026-06-10,General Surgery Tray,Malfunction,Topic 3,0
2026-06-10,General Surgery Tray,Malfunction,Topic 3,0
2026-06-10,General Surgery Tray,Malfunction,Topic 5,0
2026-06-10,General Surgery Tray,Malfunction,Topic 1,0
2026-06-10,General Surgery Tray,Malfunction,Topic 8,0
2026-06-10,General Surgery Tray,Malfunction,Topic 3,0
2026-06-10,"Laser, Ophthalmic",Malfunction,Topic 7,0
2026-06-10,"Knife, Ophthalmic",Malfunction,Topic 7,0
2026-06-10,General Surgery Tray,Malfunction,Topic 1,0
2026-06-10,General Surgery Tray,Malfunction,Topic 8,0
2026-06-10,General Surgery Tray,Malfunction,Topic 6,0
2026-06-10,General Surgery Tray,Malfunction,Topic 6,0
2026-06-10,General Surgery Tray,Malfunction,Topic 8,0
2026-06-10,General Surgery Tray,Malfunction,Topic 3,0
2026-06-10,"Device, Irrigation, Ocular Surgery",Malfunction,Topic 6,0
2026-06-10,"Lens, Multifocal Intraocular",Malfunction,Topic 2,0
2026-06-10,Intraocular Lens,Malfunction,Topic 7,0
2026-06-10,"Lens, Multifocal Intraocular",Injury,Topic 4,1
2026-06-10,General Surgery Tray,Injury,Topic 6,1
2026-06-10,"Unit, Phacofragmentation",Malfunction,Topic 8,0
2026-06-10,"Lens, Intraocular, Toric Optics",Injury,Topic 4,1
2026-06-10,Intraocular Lens,Malfunction,Topic 2,0
2026-06-10,Intraocular Lens,Malfunction,Topic 2,0
2026-06-10,"Unit, Phacofragmentation",Malfunction,Topic 8,0
2026-06-10,"Instrument, Vitreous Aspiration And Cutt",Malfunction,Topic 7,0
2026-06-10,"Lens, Intraocular, Toric Optics",Injury,Topic 4,1
2026-06-10,"Instrument, Vitreous Aspiration And Cutt",Malfunction,Topic 5,0
2026-06-10,General Surgery Tray,Malfunction,Topic 6,0
2026-06-10,General Surgery Tray,Malfunction,Topic 5,0
2026-06-10,General Surgery Tray,Malfunction,Topic 6,0
2026-06-10,Intraocular Lens,Malfunction,Topic 2,0
2026-06-10,"Lens, Multifocal Intraocular",Malfunction,Topic 2,0
2026-06-10,General Surgery Tray,Malfunction,Topic 3,0
2026-06-10,"Lens, Intraocular, Toric Optics",Injury,Topic 4,1
2026-06-10,Intraocular Lens,Malfunction,Topic 2,0
2026-06-10,General Surgery Tray,Malfunction,Topic 3,0
2026-06-10,General Surgery Tray,Malfunction,Topic 8,0
2026-06-10,General Surgery Tray,Malfunction,Topic 3,0
2026-06-10,General Surgery Tray,Malfunction,Topic 2,0
2026-06-10,"Knife, Ophthalmic",Malfunction,Topic 6,0
2026-06-10,"Unit, Phacofragmentation",Malfunction,Topic 6,0
2026-06-10,"Lens, Guide, Intraocular",Malfunction,Topic 2,0
2026-06-10,Extended Depth Of Focus Intraocular Lens,Malfunction,Topic 2,0
2026-06-10,Intraocular Lens,Malfunction,Topic 2,0
2026-06-10,General Surgery Tray,Malfunction,Topic 5,0
2026-06-10,Intraocular Lens,Malfunction,Topic 2,0
2026-06-10,"Cannula, Ophthalmic",Malfunction,Topic 6,0
2026-06-10,"Lens, Multifocal Intraocular",Malfunction,Topic 2,0
2026-06-10,"Instrument, Vitreous Aspiration And Cutt",Malfunction,Topic 1,0
2026-06-10,General Surgery Tray,Malfunction,Topic 5,0
2026-06-10,"Cannula, Trocar, Ophthalmic",Malfunction,Topic 1,0
2026-06-10,"Unit, Phacofragmentation",Malfunction,Topic 1,0
2026-06-10,General Surgery Tray,Malfunction,Topic 3,0
2026-06-10,General Surgery Tray,Malfunction,Topic 5,0
2026-06-10,General Surgery Tray,Malfunction,Topic 1,0
2026-06-10,"Instrument, Vitreous Aspiration And Cutt",Malfunction,Topic 1,0
2026-06-10,General Surgery Tray,Malfunction,Topic 5,0
2026-06-10,General Surgery Tray,Malfunction,Topic 6,0
2026-06-10,General Surgery Tray,Malfunction,Topic 6,0
2026-06-10,General Surgery Tray,Malfunction,Topic 8,0
2026-06-10,General Surgery Tray,Malfunction,Topic 6,0
2026-06-10,General Surgery Tray,Malfunction,Topic 1,0
2026-06-10,General Surgery Tray,Malfunction,Topic 6,0
2026-06-10,General Surgery Tray,Malfunction,Topic 6,0
2026-06-09,"Folders And Injectors, Intraocular Lens ",Malfunction,Topic 7,0
2026-06-09,Intraocular Lens,Malfunction,Topic 2,0
2026-06-09,Intraocular Lens,Injury,Topic 4,1
2026-06-09,General Surgery Tray,Malfunction,Topic 5,0
2026-06-09,General Surgery Tray,Malfunction,Topic 3,0
2026-06-09,General Surgery Tray,Malfunction,Topic 8,0
2026-06-09,General Surgery Tray,Malfunction,Topic 6,0
2026-06-09,"Cannula, Trocar, Ophthalmic",Malfunction,Topic 7,0
2026-06-09,"Unit, Phacofragmentation",Malfunction,Topic 5,0
2026-06-09,General Surgery Tray,Malfunction,Topic 3,0
2026-06-09,General Surgery Tray,Malfunction,Topic 8,0
2026-06-09,General Surgery Tray,Malfunction,Topic 3,0
2026-06-09,General Surgery Tray,Malfunction,Topic 1,0
2026-06-09,General Surgery Tray,Malfunction,Topic 1,0
2026-06-09,"Unit, Phacofragmentation",Malfunction,Topic 7,0
2026-06-09,"Knife, Ophthalmic",Malfunction,Topic 7,0
2026-06-09,Intraocular Lens,Malfunction,Topic 2,0
2026-06-09,"Lens, Multifocal Intraocular",Injury,Topic 4,1
2026-06-09,Intraocular Lens,Malfunction,Topic 2,0
2026-06-09,"Lens, Intraocular, Toric Optics",Injury,Topic 4,1
2026-06-09,"Unit, Phacofragmentation",Injury,Topic 6,1
2026-06-09,General Surgery Tray,Malfunction,Topic 3,0
2026-06-09,General Surgery Tray,Malfunction,Topic 1,0
2026-06-09,General Surgery Tray,Malfunction,Topic 1,0
2026-06-09,General Surgery Tray,Malfunction,Topic 1,0
2026-06-09,"Unit, Phacofragmentation",Malfunction,Topic 6,0
2026-06-09,General Surgery Tray,Malfunction,Topic 5,0
2026-06-09,"Scissors, Ophthalmic",Malfunction,Topic 8,0
2026-06-09,General Surgery Tray,Malfunction,Topic 3,0
2026-06-09,General Surgery Tray,Malfunction,Topic 1,0
2026-06-09,Intraocular Lens,Injury,Topic 2,1
2026-06-09,General Surgery Tray,Malfunction,Topic 1,0
2026-06-09,"Unit, Phacofragmentation",Malfunction,Topic 7,0
2026-06-09,General Surgery Tray,Malfunction,Topic 8,0
2026-06-09,"Lens, Intraocular, Toric Optics",Injury,Topic 4,1
2026-06-09,General Surgery Tray,Malfunction,Topic 7,0
2026-06-09,"Unit, Phacofragmentation",Malfunction,Topic 1,0
2026-06-09,Intraocular Lens,Injury,Topic 4,1
2026-06-09,General Surgery Tray,Malfunction,Topic 8,0
2026-06-09,Extended Depth Of Focus Intraocular Lens,Malfunction,Topic 2,0
2026-06-09,"Cannula, Trocar, Ophthalmic",Malfunction,Topic 1,0
2026-06-09,General Surgery Tray,Malfunction,Topic 1,0
2026-06-09,General Surgery Tray,Malfunction,Topic 5,0
2026-06-09,Intraocular Lens,Malfunction,Topic 2,0
2026-06-09,General Surgery Tray,Malfunction,Topic 5,0
2026-06-09,"Lens, Intraocular, Toric Optics",Injury,Topic 4,1
2026-06-09,"Lens, Intraocular, Toric Optics",Malfunction,Topic 2,0
2026-06-09,General Surgery Tray,Malfunction,Topic 8,0
2026-06-09,Intraocular Lens,Malfunction,Topic 2,0
2026-06-09,General Surgery Tray,Malfunction,Topic 1,0
2026-06-09,Intraocular Lens,Malfunction,Topic 2,0
2026-06-09,"Lens, Intraocular, Toric Optics",Malfunction,Topic 2,0
2026-06-09,"Cannula, Trocar, Ophthalmic",Malfunction,Topic 7,0
2026-06-09,"Cannula, Trocar, Ophthalmic",Malfunction,Topic 7,0
2026-06-09,"Unit, Phacofragmentation",Injury,Topic 6,1
2026-06-09,General Surgery Tray,Malfunction,Topic 3,0
2026-06-09,General Surgery Tray,Malfunction,Topic 3,0
2026-06-09,General Surgery Tray,Malfunction,Topic 3,0
2026-06-08,General Surgery Tray,Malfunction,Topic 5,0
2026-06-08,General Surgery Tray,Malfunction,Topic 1,0
2026-06-08,General Surgery Tray,Malfunction,Topic 1,0
2026-06-08,General Surgery Tray,Malfunction,Topic 8,0
2026-06-08,"Instrument, Vitreous Aspiration And Cutt",Malfunction,Topic 5,0
2026-06-08,"Unit, Phacofragmentation",Malfunction,Topic 7,0
2026-06-08,"Vitrectomy, Instrument Cutter",Malfunction,Topic 5,0
2026-06-08,General Surgery Tray,Malfunction,Topic 1,0
2026-06-08,General Surgery Tray,Malfunction,Topic 5,0
2026-06-08,General Surgery Tray,Malfunction,Topic 3,0
2026-06-08,General Surgery Tray,Malfunction,Topic 5,0
2026-06-08,"Vitrectomy, Instrument Cutter",Malfunction,Topic 5,0
2026-06-08,General Surgery Tray,Malfunction,Topic 6,0
2026-06-08,General Surgery Tray,Malfunction,Topic 6,0
2026-06-08,General Surgery Tray,Malfunction,Topic 1,0
2026-06-08,General Surgery Tray,Malfunction,Topic 5,0
2026-06-08,General Surgery Tray,Malfunction,Topic 5,0
2026-06-08,"Knife, Ophthalmic",Malfunction,Topic 7,0
2026-06-08,General Surgery Tray,Malfunction,Topic 6,0
2026-06-08,"Suture, Nonabsorbable, Synthetic, Polyam",Malfunction,Topic 7,0
2026-06-08,"Unit, Phacofragmentation",Injury,Topic 6,1
2026-06-08,General Surgery Tray,Malfunction,Topic 5,0
2026-06-08,"Vitrectomy, Instrument Cutter",Malfunction,Topic 1,0
2026-06-08,General Surgery Tray,Malfunction,Topic 3,0
2026-06-08,General Surgery Tray,Malfunction,Topic 8,0
2026-06-08,"Lens, Multifocal Intraocular",Injury,Topic 4,1
2026-06-08,"Lens, Intraocular, Toric Optics",Malfunction,Topic 2,0
2026-06-08,General Surgery Tray,Malfunction,Topic 8,0
2026-06-08,Ophthalmic Femtosecond Laser,Malfunction,Topic 6,0
2026-06-08,"Cannula, Trocar, Ophthalmic",Malfunction,Topic 7,0
2026-06-08,Intraocular Lens,Malfunction,Topic 2,0
2026-06-08,"Laser, Ophthalmic",Malfunction,Topic 8,0
2026-06-08,"Folders And Injectors, Intraocular Lens ",Malfunction,Topic 2,0
2026-06-08,"Unit, Phacofragmentation",Malfunction,Topic 8,0
2026-06-08,"Vitrectomy, Instrument Cutter",Malfunction,Topic 1,0
2026-06-08,"Lens, Intraocular, Toric Optics",Injury,Topic 4,1
2026-06-08,Intraocular Lens,Injury,Topic 4,1
2026-06-08,"Lens, Multifocal Intraocular",Injury,Topic 4,1
2026-06-08,"Unit, Phacofragmentation",Malfunction,Topic 6,0
2026-06-08,"Knife, Ophthalmic",Malfunction,Topic 7,0
2026-06-08,"Suture, Nonabsorbable, Synthetic, Polyam",Malfunction,Topic 7,0
2026-06-08,"Lens, Intraocular, Toric Optics",Injury,Topic 4,1
2026-06-08,Intraocular Lens,Malfunction,Topic 2,0
2026-06-08,"Unit, Phacofragmentation",Malfunction,Topic 6,0
2026-06-08,General Surgery Tray,Malfunction,Topic 3,0
2026-06-08,"Unit, Phacofragmentation",Malfunction,Topic 8,0
2026-06-08,Intraocular Lens,Malfunction,Topic 8,0
2026-06-08,Extended Depth Of Focus Intraocular Lens,Malfunction,Topic 2,0
2026-06-08,Extended Depth Of Focus Intraocular Lens,Injury,Topic 4,1
2026-06-08,General Surgery Tray,Malfunction,Topic 5,0
2026-06-08,"Lens, Guide, Intraocular",Malfunction,Topic 2,0
2026-06-08,General Surgery Tray,Malfunction,Topic 3,0
2026-06-08,General Surgery Tray,Malfunction,Topic 6,0
2026-06-08,"Lens, Multifocal Intraocular",Injury,Topic 4,1
2026-06-08,"Lens, Intraocular, Toric Optics",Malfunction,Topic 2,0
2026-06-08,General Surgery Tray,Malfunction,Topic 1,0
2026-06-08,"Instrument, Vitreous Aspiration And Cutt",Malfunction,Topic 3,0
2026-06-08,General Surgery Tray,Malfunction,Topic 8,0
2026-06-08,General Surgery Tray,Malfunction,Topic 3,0
2026-06-08,General Surgery Tray,Malfunction,Topic 5,0
2026-06-08,"Knife, Ophthalmic",Malfunction,Topic 7,0
2026-06-08,General Surgery Tray,Malfunction,Topic 1,0
2026-06-08,General Surgery Tray,Malfunction,Topic 6,0
2026-06-07,General Surgery Tray,Malfunction,Topic 6,0
2026-06-07,General Surgery Tray,Malfunction,Topic 1,0
2026-06-07,General Surgery Tray,Malfunction,Topic 5,0
2026-06-07,General Surgery Tray,Malfunction,Topic 5,0
2026-06-07,General Surgery Tray,Injury,Topic 6,1
2026-06-05,General Surgery Tray,Malfunction,Topic 3,0
2026-06-05,General Surgery Tray,Malfunction,Topic 6,0
2026-06-05,General Surgery Tray,Malfunction,Topic 6,0
2026-06-05,General Surgery Tray,Malfunction,Topic 3,0
2026-06-05,General Surgery Tray,Malfunction,Topic 3,0
2026-06-05,General Surgery Tray,Malfunction,Topic 1,0
2026-06-05,General Surgery Tray,Malfunction,Topic 8,0
2026-06-05,General Surgery Tray,Injury,Topic 6,1
2026-06-05,General Surgery Tray,Malfunction,Topic 6,0
2026-06-05,"Unit, Phacofragmentation",Malfunction,Topic 7,0
2026-06-05,General Surgery Tray,Malfunction,Topic 8,0
2026-06-05,"Laser, Ophthalmic",Malfunction,Topic 7,0
2026-06-05,General Surgery Tray,Malfunction,Topic 8,0
2026-06-05,General Surgery Tray,Malfunction,Topic 3,0
2026-06-05,General Surgery Tray,Malfunction,Topic 8,0
2026-06-05,"Unit, Phacofragmentation",Malfunction,Topic 7,0
2026-06-05,"Unit, Phacofragmentation",Malfunction,Topic 6,0
2026-06-05,General Surgery Tray,Malfunction,Topic 7,0
2026-06-05,"Unit, Phacofragmentation",Malfunction,Topic 7,0
2026-06-05,General Surgery Tray,Malfunction,Topic 3,0
2026-06-05,"Lens, Intraocular, Toric Optics",Injury,Topic 4,1
2026-06-05,"Lens, Multifocal Intraocular",Injury,Topic 4,1
2026-06-05,Intraocular Lens,Malfunction,Topic 2,0
2026-06-05,"Unit, Phacofragmentation",Injury,Topic 1,1
2026-06-05,Intraocular Lens,Malfunction,Topic 2,0
2026-06-05,"Lens, Multifocal Intraocular",Injury,Topic 4,1
2026-06-05,"Suture, Nonabsorbable, Synthetic, Polyam",Malfunction,Topic 8,0
2026-06-05,"Unit, Phacofragmentation",Malfunction,Topic 6,0
2026-06-05,"Lens, Intraocular, Toric Optics",Injury,Topic 4,1
2026-06-05,General Surgery Tray,Injury,Topic 6,1
2026-06-05,Extended Depth Of Focus Intraocular Lens,Malfunction,Topic 2,0
2026-06-05,Intraocular Lens,Malfunction,Topic 2,0
2026-06-05,Intraocular Lens,Malfunction,Topic 2,0
2026-06-05,Intraocular Lens,Malfunction,Topic 2,0
2026-06-05,"Cannula, Trocar, Ophthalmic",Malfunction,Topic 1,0
2026-06-05,Intraocular Lens,Malfunction,Topic 2,0
2026-06-05,"Knife, Ophthalmic",Malfunction,Topic 6,0
2026-06-05,"Lens, Intraocular, Toric Optics",Malfunction,Topic 2,0
2026-06-05,General Surgery Tray,Malfunction,Topic 3,0
2026-06-05,General Surgery Tray,Malfunction,Topic 1,0
2026-06-05,"Unit, Phacofragmentation",Malfunction,Topic 6,0
2026-06-05,General Surgery Tray,Malfunction,Topic 8,0
2026-06-05,General Surgery Tray,Malfunction,Topic 1,0
2026-06-05,Intraocular Lens,Malfunction,Topic 2,0
2026-06-05,"Lens, Multifocal Intraocular",Malfunction,Topic 2,0
2026-06-05,General Surgery Tray,Malfunction,Topic 1,0
2026-06-05,General Surgery Tray,Injury,Topic 3,1
2026-06-05,"Unit, Phacofragmentation",Malfunction,Topic 7,0
2026-06-05,Intraocular Lens,Malfunction,Topic 2,0
2026-06-05,Intraocular Lens,Malfunction,Topic 2,0
2026-06-05,"Lens, Multifocal Intraocular",Injury,Topic 4,1
2026-06-05,"Forceps, Ophthalmic",Malfunction,Topic 7,0
2026-06-05,"Lens, Intraocular, Toric Optics",Injury,Topic 4,1
2026-06-05,"Lens, Intraocular, Toric Optics",Injury,Topic 7,1
2026-06-05,Intraocular Lens,Injury,Topic 4,1
2026-06-05,Intraocular Lens,Malfunction,Topic 2,0
2026-06-05,"Lens, Multifocal Intraocular",Injury,Topic 4,1
2026-06-05,General Surgery Tray,Malfunction,Topic 1,0
2026-06-05,"Lens, Intraocular, Toric Optics",Malfunction,Topic 2,0
2026-06-05,"Cannula, Ophthalmic",Malfunction,Topic 6,0
2026-06-05,Intraocular Lens,Malfunction,Topic 2,0
2026-06-05,"Lens, Guide, Intraocular",Injury,Topic 2,1
2026-06-05,"Lens, Intraocular, Toric Optics",Malfunction,Topic 2,0
2026-06-05,Intraocular Lens,Malfunction,Topic 2,0
2026-06-05,"Lens, Intraocular, Toric Optics",Malfunction,Topic 2,0
2026-06-05,Extended Depth Of Focus Intraocular Lens,Malfunction,Topic 2,0
2026-06-05,General Surgery Tray,Malfunction,Topic 8,0
2026-06-05,General Surgery Tray,Malfunction,Topic 8,0
2026-06-05,Intraocular Lens,Malfunction,Topic 2,0
2026-06-05,Intraocular Lens,Malfunction,Topic 2,0
2026-06-05,Intraocular Lens,Injury,Topic 4,1
2026-06-05,Intraocular Lens,Malfunction,Topic 2,0
2026-06-05,General Surgery Tray,Malfunction,Topic 8,0
2026-06-05,Extended Depth Of Focus Intraocular Lens,Malfunction,Topic 2,0
2026-06-05,"Lens, Intraocular, Toric Optics",Malfunction,Topic 2,0
2026-06-05,Intraocular Lens,Malfunction,Topic 2,0
2026-06-05,General Surgery Tray,Malfunction,Topic 5,0
2026-06-05,Intraocular Lens,Malfunction,Topic 2,0
2026-06-05,General Surgery Tray,Malfunction,Topic 6,0
2026-06-05,Intraocular Lens,Malfunction,Topic 2,0
2026-06-04,"Unit, Phacofragmentation",Injury,Topic 6,1
2026-06-04,"Knife, Ophthalmic",Malfunction,Topic 7,0
2026-06-04,General Surgery Tray,Malfunction,Topic 5,0
2026-06-04,General Surgery Tray,Malfunction,Topic 3,0
2026-06-04,General Surgery Tray,Malfunction,Topic 8,0
2026-06-04,General Surgery Tray,Malfunction,Topic 6,0
2026-06-04,General Surgery Tray,Malfunction,Topic 8,0
2026-06-04,General Surgery Tray,Malfunction,Topic 8,0
2026-06-04,General Surgery Tray,Injury,Topic 6,1
2026-06-04,General Surgery Tray,Malfunction,Topic 1,0
2026-06-04,General Surgery Tray,Malfunction,Topic 8,0
2026-06-04,General Surgery Tray,Malfunction,Topic 5,0
2026-06-04,General Surgery Tray,Malfunction,Topic 8,0
2026-06-04,General Surgery Tray,Malfunction,Topic 8,0
2026-06-04,General Surgery Tray,Malfunction,Topic 3,0
2026-06-04,General Surgery Tray,Malfunction,Topic 8,0
2026-06-04,"Vitrectomy, Instrument Cutter",Malfunction,Topic 1,0
2026-06-04,General Surgery Tray,Malfunction,Topic 3,0
2026-06-04,"Cannula, Ophthalmic",Malfunction,Topic 7,0
2026-06-04,"Unit, Phacofragmentation",Malfunction,Topic 8,0
2026-06-04,General Surgery Tray,Malfunction,Topic 5,0
2026-06-04,General Surgery Tray,Injury,Topic 1,1
2026-06-04,General Surgery Tray,Malfunction,Topic 5,0
2026-06-04,General Surgery Tray,Malfunction,Topic 1,0
2026-06-04,"Knife, Ophthalmic",Malfunction,Topic 7,0
2026-06-04,General Surgery Tray,Malfunction,Topic 8,0
2026-06-04,General Surgery Tray,Malfunction,Topic 5,0
2026-06-04,"Forceps, Ophthalmic",Malfunction,Topic 3,0
2026-06-04,Intraocular Lens,Malfunction,Topic 2,0
2026-06-04,General Surgery Tray,Malfunction,Topic 8,0
2026-06-04,"Lens, Intraocular, Toric Optics",Malfunction,Topic 6,0
2026-06-04,Extended Depth Of Focus Intraocular Lens,Injury,Topic 4,1
2026-06-04,Intraocular Lens,Malfunction,Topic 2,0
2026-06-04,"Knife, Ophthalmic",Malfunction,Topic 7,0
2026-06-04,"Suture, Nonabsorbable, Synthetic, Polypr",Malfunction,Topic 6,0
2026-06-04,General Surgery Tray,Malfunction,Topic 5,0
2026-06-04,"Knife, Ophthalmic",Malfunction,Topic 7,0
2026-06-04,Intraocular Lens,Malfunction,Topic 2,0
2026-06-04,Intraocular Lens,Malfunction,Topic 2,0
2026-06-04,"Lens, Multifocal Intraocular",Injury,Topic 4,1
2026-06-04,Intraocular Lens,Malfunction,Topic 2,0
2026-06-04,Intraocular Lens,Malfunction,Topic 2,0
2026-06-04,Intraocular Lens,Malfunction,Topic 2,0
2026-06-04,Intraocular Lens,Malfunction,Topic 7,0
2026-06-04,"Instrument, Vitreous Aspiration And Cutt",Malfunction,Topic 1,0
2026-06-04,"Lenses, Soft Contact, Daily Wear",Injury,Topic 6,1
2026-06-04,"Unit, Phacofragmentation",Injury,Topic 6,1
2026-06-04,Intraocular Lens,Malfunction,Topic 2,0
2026-06-04,General Surgery Tray,Malfunction,Topic 5,0
2026-06-04,"Lens, Multifocal Intraocular",Injury,Topic 2,1
2026-06-04,"Lens, Intraocular, Toric Optics",Injury,Topic 4,1
2026-06-04,"Lens, Intraocular, Toric Optics",Malfunction,Topic 2,0
2026-06-04,"Lens, Intraocular, Toric Optics",Injury,Topic 2,1
2026-06-04,Intraocular Lens,Malfunction,Topic 2,0
2026-06-04,"Unit, Phacofragmentation",Injury,Topic 6,1
2026-06-04,"Unit, Phacofragmentation",Injury,Topic 6,1
2026-06-04,"Unit, Phacofragmentation",Injury,Topic 6,1
2026-06-03,General Surgery Tray,Malfunction,Topic 3,0
2026-06-03,"Tubing, Noninvasive",Malfunction,Topic 8,0
2026-06-03,General Surgery Tray,Malfunction,Topic 3,0
2026-06-03,General Surgery Tray,Malfunction,Topic 1,0
2026-06-03,General Surgery Tray,Malfunction,Topic 3,0
2026-06-03,General Surgery Tray,Injury,Topic 6,1
2026-06-03,General Surgery Tray,Malfunction,Topic 1,0
2026-06-03,General Surgery Tray,Malfunction,Topic 5,0
2026-06-03,General Surgery Tray,Malfunction,Topic 5,0
2026-06-03,General Surgery Tray,Injury,Topic 3,1
2026-06-03,"Laser, Ophthalmic",Malfunction,Topic 7,0
2026-06-03,General Surgery Tray,Injury,Topic 3,1
2026-06-03,General Surgery Tray,Injury,Topic 1,1
2026-06-03,General Surgery Tray,Malfunction,Topic 1,0
2026-06-03,General Surgery Tray,Malfunction,Topic 3,0
2026-06-03,General Surgery Tray,Malfunction,Topic 3,0
2026-06-03,"Lens, Multifocal Intraocular",Injury,Topic 4,1
2026-06-03,"Knife, Ophthalmic",Malfunction,Topic 7,0
2026-06-03,Intraocular Lens,Malfunction,Topic 2,0
2026-06-03,"Lens, Multifocal Intraocular",Injury,Topic 4,1
2026-06-03,Intraocular Lens,Malfunction,Topic 2,0
2026-06-03,"Folders And Injectors, Intraocular Lens ",Malfunction,Topic 2,0
2026-06-03,"Folders And Injectors, Intraocular Lens ",Malfunction,Topic 2,0
2026-06-03,General Surgery Tray,Malfunction,Topic 5,0
2026-06-03,General Surgery Tray,Malfunction,Topic 3,0
2026-06-03,General Surgery Tray,Malfunction,Topic 1,0
2026-06-03,"Unit, Phacofragmentation",Malfunction,Topic 7,0
2026-06-03,"Instrument, Vitreous Aspiration And Cutt",Malfunction,Topic 8,0
2026-06-03,General Surgery Tray,Malfunction,Topic 1,0
2026-06-03,General Surgery Tray,Malfunction,Topic 8,0
2026-06-03,General Surgery Tray,Malfunction,Topic 5,0
2026-06-03,Intraocular Lens,Malfunction,Topic 2,0
2026-06-03,"Forceps, Ophthalmic",Malfunction,Topic 7,0
2026-06-03,"Knife, Ophthalmic",Malfunction,Topic 7,0
2026-06-03,"Lens, Intraocular, Toric Optics",Malfunction,Topic 2,0
2026-06-03,"Lens, Intraocular, Toric Optics",Malfunction,Topic 7,0
2026-06-03,Intraocular Lens,Malfunction,Topic 7,0
2026-06-03,"Folders And Injectors, Intraocular Lens ",Malfunction,Topic 2,0
2026-06-03,Intraocular Lens,Malfunction,Topic 2,0
2026-06-03,General Surgery Tray,Malfunction,Topic 1,0
2026-06-03,"Suture, Nonabsorbable, Synthetic, Polyam",Malfunction,Topic 7,0
2026-06-03,Intraocular Lens,Malfunction,Topic 2,0
2026-06-03,"Folders And Injectors, Intraocular Lens ",Malfunction,Topic 2,0
2026-06-03,Intraocular Lens,Malfunction,Topic 2,0
2026-06-03,"Lens, Multifocal Intraocular",Malfunction,Topic 2,0
2026-06-03,"Unit, Phacofragmentation",Injury,Topic 6,1
2026-06-03,"Folders And Injectors, Intraocular Lens ",Malfunction,Topic 2,0
2026-06-03,"Lens, Intraocular, Toric Optics",Injury,Topic 2,1
2026-06-03,"Lens, Multifocal Intraocular",Malfunction,Topic 2,0
2026-06-03,Intraocular Lens,Injury,Topic 2,1
2026-06-03,"Knife, Ophthalmic",Malfunction,Topic 7,0
2026-06-03,General Surgery Tray,Malfunction,Topic 8,0
2026-06-03,General Surgery Tray,Malfunction,Topic 1,0
2026-06-03,General Surgery Tray,Malfunction,Topic 3,0
2026-06-03,General Surgery Tray,Malfunction,Topic 5,0
2026-06-03,General Surgery Tray,Malfunction,Topic 8,0
2026-06-02,General Surgery Tray,Malfunction,Topic 1,0
2026-06-02,General Surgery Tray,Malfunction,Topic 6,0
2026-06-02,General Surgery Tray,Malfunction,Topic 1,0
2026-06-02,General Surgery Tray,Malfunction,Topic 1,0
2026-06-02,General Surgery Tray,Malfunction,Topic 5,0
2026-06-02,General Surgery Tray,Malfunction,Topic 1,0
2026-06-02,General Surgery Tray,Malfunction,Topic 6,0
2026-06-02,Ophthalmic Femtosecond Laser,Injury,Topic 6,1
2026-06-02,General Surgery Tray,Malfunction,Topic 3,0
2026-06-02,General Surgery Tray,Malfunction,Topic 5,0
2026-06-02,General Surgery Tray,Malfunction,Topic 1,0
2026-06-02,General Surgery Tray,Malfunction,Topic 6,0
2026-06-02,Ophthalmic Femtosecond Laser,Injury,Topic 6,1
2026-06-02,General Surgery Tray,Malfunction,Topic 5,0
2026-06-02,General Surgery Tray,Malfunction,Topic 5,0
2026-06-02,"Vitrectomy, Instrument Cutter",Malfunction,Topic 5,0
2026-06-02,General Surgery Tray,Malfunction,Topic 1,0
2026-06-02,General Surgery Tray,Malfunction,Topic 1,0
2026-06-02,General Surgery Tray,Malfunction,Topic 3,0
2026-06-02,General Surgery Tray,Malfunction,Topic 5,0
2026-06-02,General Surgery Tray,Malfunction,Topic 3,0
2026-06-02,"Lens, Multifocal Intraocular",Malfunction,Topic 2,0
2026-06-02,General Surgery Tray,Malfunction,Topic 3,0
2026-06-02,"Folders And Injectors, Intraocular Lens ",Malfunction,Topic 2,0
2026-06-02,"Folders And Injectors, Intraocular Lens ",Malfunction,Topic 2,0
2026-06-02,General Surgery Tray,Malfunction,Topic 3,0
2026-06-02,Intraocular Lens,Injury,Topic 2,1
2026-06-02,"Lens, Guide, Intraocular",Malfunction,Topic 2,0
2026-06-02,"Lens, Multifocal Intraocular",Injury,Topic 4,1
2026-06-02,"Lens, Intraocular, Toric Optics",Malfunction,Topic 2,0
2026-06-02,Intraocular Lens,Malfunction,Topic 2,0
2026-06-02,"Folders And Injectors, Intraocular Lens ",Malfunction,Topic 2,0
2026-06-02,"Folders And Injectors, Intraocular Lens ",Malfunction,Topic 2,0
2026-06-02,Extended Depth Of Focus Intraocular Lens,Malfunction,Topic 8,0
2026-06-02,"Lens, Intraocular, Toric Optics",Malfunction,Topic 7,0
2026-06-02,Extended Depth Of Focus Intraocular Lens,Injury,Topic 4,1
2026-06-02,General Surgery Tray,Malfunction,Topic 5,0
2026-06-02,General Surgery Tray,Malfunction,Topic 1,0
2026-06-02,General Surgery Tray,Malfunction,Topic 3,0
2026-06-01,General Surgery Tray,Malfunction,Topic 1,0
2026-06-01,General Surgery Tray,Malfunction,Topic 1,0
2026-06-01,General Surgery Tray,Malfunction,Topic 3,0
2026-06-01,General Surgery Tray,Malfunction,Topic 5,0
2026-06-01,"Unit, Phacofragmentation",Malfunction,Topic 7,0
2026-06-01,"Unit, Phacofragmentation",Injury,Topic 6,1
2026-06-01,General Surgery Tray,Malfunction,Topic 5,0
2026-06-01,General Surgery Tray,Malfunction,Topic 6,0
2026-06-01,"Lens, Intraocular, Toric Optics",Malfunction,Topic 2,0
2026-06-01,General Surgery Tray,Malfunction,Topic 6,0
2026-06-01,Intraocular Lens,Malfunction,Topic 2,0
2026-06-01,General Surgery Tray,Malfunction,Topic 8,0
2026-06-01,"Lens, Multifocal Intraocular",Injury,Topic 2,1
2026-06-01,"Lens, Guide, Intraocular",Malfunction,Topic 2,0
2026-06-01,"Lens, Multifocal Intraocular",Injury,Topic 4,1
2026-06-01,Intraocular Lens,Malfunction,Topic 2,0
2026-06-01,"Lens, Guide, Intraocular",Malfunction,Topic 2,0
2026-06-01,"Device, Irrigation, Ocular Surgery",Malfunction,Topic 6,0
2026-06-01,General Surgery Tray,Malfunction,Topic 5,0
2026-06-01,"Aberrometer, Ophthalmic",Injury,Topic 4,1
2026-06-01,Intraocular Lens,Malfunction,Topic 2,0
2026-06-01,Intraocular Lens,Malfunction,Topic 2,0
2026-06-01,General Surgery Tray,Malfunction,Topic 1,0
2026-06-01,Intraocular Lens,Malfunction,Topic 2,0
2026-06-01,"Knife, Ophthalmic",Malfunction,Topic 7,0
2026-06-01,Intraocular Lens,Malfunction,Topic 2,0
2026-06-01,Intraocular Lens,Malfunction,Topic 2,0
2026-06-01,General Surgery Tray,Malfunction,Topic 3,0
2026-06-01,General Surgery Tray,Malfunction,Topic 3,0
2026-06-01,Intraocular Lens,Malfunction,Topic 2,0
2026-06-01,General Surgery Tray,Malfunction,Topic 1,0
2026-05-31,General Surgery Tray,Malfunction,Topic 1,0
2026-05-31,General Surgery Tray,Malfunction,Topic 3,0
2026-05-31,Intraocular Lens,Injury,Topic 4,1
2026-05-31,"Lens, Intraocular, Toric Optics",Malfunction,Topic 2,0
2026-05-31,General Surgery Tray,Malfunction,Topic 1,0
2026-05-29,General Surgery Tray,Malfunction,Topic 5,0
2026-05-29,General Surgery Tray,Malfunction,Topic 5,0
2026-05-29,"Cannula, Ophthalmic",Malfunction,Topic 7,0
2026-05-29,"Lens, Guide, Intraocular",Malfunction,Topic 2,0
2026-05-29,General Surgery Tray,Malfunction,Topic 3,0
2026-05-29,General Surgery Tray,Malfunction,Topic 6,0
2026-05-29,General Surgery Tray,Malfunction,Topic 3,0
2026-05-29,General Surgery Tray,Malfunction,Topic 3,0
2026-05-29,General Surgery Tray,Malfunction,Topic 1,0
2026-05-29,"Unit, Phacofragmentation",Malfunction,Topic 7,0
2026-05-29,"Unit, Phacofragmentation",Malfunction,Topic 3,0
2026-05-29,General Surgery Tray,Malfunction,Topic 1,0
2026-05-29,General Surgery Tray,Injury,Topic 3,1
2026-05-29,General Surgery Tray,Malfunction,Topic 3,0
2026-05-29,Intraocular Lens,Injury,Topic 4,1
2026-05-29,Intraocular Lens,Malfunction,Topic 2,0
2026-05-29,Extended Depth Of Focus Intraocular Lens,Injury,Topic 4,1
2026-05-29,General Surgery Tray,Malfunction,Topic 8,0
2026-05-29,"Lens, Multifocal Intraocular",Injury,Topic 4,1
2026-05-29,"Lens, Guide, Intraocular",Malfunction,Topic 2,0
2026-05-29,"Lens, Intraocular, Toric Optics",Injury,Topic 4,1
2026-05-29,"Lens, Intraocular, Toric Optics",Malfunction,Topic 2,0
2026-05-29,Intraocular Lens,Malfunction,Topic 2,0
2026-05-29,General Surgery Tray,Malfunction,Topic 8,0
2026-05-29,General Surgery Tray,Malfunction,Topic 5,0
2026-05-29,Extended Depth Of Focus Intraocular Lens,Malfunction,Topic 2,0
2026-05-29,"Unit, Phacofragmentation",Malfunction,Topic 6,0
2026-05-29,Intraocular Lens,Injury,Topic 4,1
2026-05-29,General Surgery Tray,Malfunction,Topic 5,0
2026-05-29,Intraocular Lens,Malfunction,Topic 2,0
2026-05-29,"Lens, Intraocular, Toric Optics",Malfunction,Topic 2,0
2026-05-29,Intraocular Lens,Malfunction,Topic 2,0
2026-05-29,"Lens, Guide, Intraocular",Malfunction,Topic 2,0
2026-05-29,Extended Depth Of Focus Intraocular Lens,Malfunction,Topic 2,0
2026-05-29,Intraocular Lens,Malfunction,Topic 2,0
2026-05-29,"Instrument, Vitreous Aspiration And Cutt",Malfunction,Topic 6,0
2026-05-29,Intraocular Lens,Malfunction,Topic 2,0
2026-05-29,"Lens, Intraocular, Toric Optics",Malfunction,Topic 2,0
2026-05-29,"Lens, Intraocular, Toric Optics",Malfunction,Topic 2,0
2026-05-29,"Unit, Phacofragmentation",Malfunction,Topic 6,0
2026-05-29,"Accessories, Soft Lens Products",Injury,Topic 6,1
2026-05-29,"Instrument, Vitreous Aspiration And Cutt",Malfunction,Topic 3,0
2026-05-29,"Suture, Nonabsorbable, Synthetic, Polyam",Malfunction,Topic 7,0
2026-05-29,"Lens, Multifocal Intraocular",Malfunction,Topic 2,0
2026-05-29,"Laser, Ophthalmic",Malfunction,Topic 7,0
2026-05-29,General Surgery Tray,Malfunction,Topic 1,0
2026-05-29,"Unit, Phacofragmentation",Malfunction,Topic 5,0
2026-05-29,General Surgery Tray,Malfunction,Topic 3,0
2026-05-29,"Unit, Phacofragmentation",Malfunction,Topic 7,0
2026-05-29,"Spatula, Ophthalmic",Malfunction,Topic 6,0
2026-05-29,"Unit, Phacofragmentation",Malfunction,Topic 7,0
2026-05-29,Intraocular Lens,Malfunction,Topic 2,0
2026-05-29,"Knife, Ophthalmic",Malfunction,Topic 6,0
2026-05-29,Intraocular Lens,Malfunction,Topic 2,0
2026-05-29,Intraocular Lens,Malfunction,Topic 2,0
2026-05-29,General Surgery Tray,Malfunction,Topic 8,0
2026-05-29,General Surgery Tray,Malfunction,Topic 8,0
2026-05-29,Intraocular Lens,Malfunction,Topic 8,0
2026-05-29,General Surgery Tray,Malfunction,Topic 8,0
2026-05-29,"Lens, Intraocular, Toric Optics",Malfunction,Topic 8,0
2026-05-29,Intraocular Lens,Injury,Topic 4,1
2026-05-29,"Lens, Intraocular, Toric Optics",Malfunction,Topic 2,0
2026-05-29,Intraocular Lens,Malfunction,Topic 2,0
2026-05-28,General Surgery Tray,Malfunction,Topic 1,0
2026-05-28,General Surgery Tray,Malfunction,Topic 5,0
2026-05-28,General Surgery Tray,Malfunction,Topic 5,0
2026-05-28,General Surgery Tray,Malfunction,Topic 1,0
2026-05-28,General Surgery Tray,Malfunction,Topic 5,0
2026-05-28,"Unit, Phacofragmentation",Malfunction,Topic 8,0
2026-05-28,"Lens, Intraocular, Toric Optics",Malfunction,Topic 2,0
2026-05-28,General Surgery Tray,Malfunction,Topic 3,0
2026-05-28,"Unit, Phacofragmentation",Malfunction,Topic 6,0
2026-05-28,"Unit, Phacofragmentation",Injury,Topic 6,1
2026-05-28,General Surgery Tray,Malfunction,Topic 8,0
2026-05-28,General Surgery Tray,Malfunction,Topic 6,0
2026-05-28,Intraocular Lens,Malfunction,Topic 2,0
2026-05-28,General Surgery Tray,Malfunction,Topic 8,0
2026-05-28,"Unit, Phacofragmentation",Malfunction,Topic 7,0
2026-05-28,"Unit, Phacofragmentation",Malfunction,Topic 6,0
2026-05-28,"Unit, Phacofragmentation",Malfunction,Topic 6,0
2026-05-28,General Surgery Tray,Malfunction,Topic 5,0
2026-05-28,General Surgery Tray,Malfunction,Topic 8,0
2026-05-28,General Surgery Tray,Malfunction,Topic 1,0
2026-05-28,"Forceps, Ophthalmic",Malfunction,Topic 7,0
2026-05-28,General Surgery Tray,Malfunction,Topic 5,0
2026-05-28,Intraocular Lens,Malfunction,Topic 2,0
2026-05-28,"Lens, Intraocular, Toric Optics",Malfunction,Topic 2,0
2026-05-28,"Lens, Intraocular, Toric Optics",Malfunction,Topic 2,0
2026-05-28,"Unit, Phacofragmentation",Malfunction,Topic 6,0
2026-05-28,"Unit, Phacofragmentation",Injury,Topic 6,1
2026-05-28,"Unit, Phacofragmentation",Malfunction,Topic 6,0
2026-05-28,General Surgery Tray,Malfunction,Topic 8,0
2026-05-28,General Surgery Tray,Malfunction,Topic 6,0
2026-05-28,General Surgery Tray,Malfunction,Topic 3,0
2026-05-28,"Unit, Phacofragmentation",Malfunction,Topic 6,0
2026-05-28,"Lens, Intraocular, Toric Optics",Malfunction,Topic 2,0
2026-05-28,General Surgery Tray,Malfunction,Topic 1,0
2026-05-28,"Cannula, Trocar, Ophthalmic",Malfunction,Topic 1,0
2026-05-28,General Surgery Tray,Malfunction,Topic 3,0
2026-05-28,"Unit, Phacofragmentation",Injury,Topic 6,1
2026-05-28,"Lens, Intraocular, Toric Optics",Malfunction,Topic 2,0
2026-05-28,Intraocular Lens,Malfunction,Topic 2,0
2026-05-28,"Knife, Ophthalmic",Malfunction,Topic 6,0
2026-05-28,"Lens, Intraocular, Toric Optics",Malfunction,Topic 2,0
2026-05-28,General Surgery Tray,Malfunction,Topic 8,0
2026-05-28,General Surgery Tray,Malfunction,Topic 5,0
2026-05-28,Intraocular Lens,Malfunction,Topic 2,0
2026-05-28,"Lens, Intraocular, Toric Optics",Injury,Topic 4,1
2026-05-28,"Unit, Phacofragmentation",Injury,Topic 6,1
2026-05-28,"Lens, Intraocular, Toric Optics",Malfunction,Topic 2,0
2026-05-28,"Instrument, Vitreous Aspiration And Cutt",Malfunction,Topic 5,0
2026-05-28,General Surgery Tray,Malfunction,Topic 5,0
2026-05-28,Intraocular Lens,Malfunction,Topic 2,0
2026-05-27,"Knife, Ophthalmic",Malfunction,Topic 7,0
2026-05-27,"Unit, Phacofragmentation",Malfunction,Topic 7,0
2026-05-27,General Surgery Tray,Malfunction,Topic 5,0
2026-05-27,"Tubing, Noninvasive",Malfunction,Topic 1,0
2026-05-27,General Surgery Tray,Malfunction,Topic 6,0
2026-05-27,Ophthalmic Femtosecond Laser,Injury,Topic 6,1
2026-05-27,General Surgery Tray,Malfunction,Topic 5,0
2026-05-27,General Surgery Tray,Malfunction,Topic 5,0
2026-05-27,"Knife, Ophthalmic",Malfunction,Topic 7,0
2026-05-27,General Surgery Tray,Malfunction,Topic 1,0
2026-05-27,General Surgery Tray,Malfunction,Topic 5,0
2026-05-27,General Surgery Tray,Malfunction,Topic 1,0
2026-05-27,Ophthalmic Femtosecond Laser,Malfunction,Topic 6,0
2026-05-27,General Surgery Tray,Malfunction,Topic 1,0
2026-05-27,"Knife, Ophthalmic",Malfunction,Topic 7,0
2026-05-27,"Knife, Ophthalmic",Malfunction,Topic 7,0
2026-05-27,"Knife, Ophthalmic",Malfunction,Topic 7,0
2026-05-27,General Surgery Tray,Malfunction,Topic 8,0
2026-05-27,General Surgery Tray,Malfunction,Topic 5,0
2026-05-27,"Lens, Intraocular, Toric Optics",Malfunction,Topic 2,0
2026-05-27,General Surgery Tray,Malfunction,Topic 1,0
2026-05-27,"Knife, Ophthalmic",Malfunction,Topic 7,0
2026-05-27,General Surgery Tray,Malfunction,Topic 6,0
2026-05-27,General Surgery Tray,Malfunction,Topic 8,0
2026-05-27,General Surgery Tray,Malfunction,Topic 1,0
2026-05-27,General Surgery Tray,Malfunction,Topic 8,0
2026-05-27,General Surgery Tray,Malfunction,Topic 5,0
2026-05-27,"Lens, Intraocular, Toric Optics",Malfunction,Topic 2,0
2026-05-27,Intraocular Lens,Malfunction,Topic 2,0
2026-05-27,Intraocular Lens,Malfunction,Topic 2,0
2026-05-27,Intraocular Lens,Malfunction,Topic 2,0
2026-05-27,General Surgery Tray,Malfunction,Topic 6,0
2026-05-27,"Folders And Injectors, Intraocular Lens ",Malfunction,Topic 2,0
2026-05-27,"Lens, Guide, Intraocular",Malfunction,Topic 2,0
2026-05-27,General Surgery Tray,Malfunction,Topic 8,0
2026-05-27,"Lens, Intraocular, Toric Optics",Malfunction,Topic 6,0
2026-05-27,"Lens, Intraocular, Toric Optics",Malfunction,Topic 2,0
2026-05-27,General Surgery Tray,Malfunction,Topic 8,0
2026-05-27,"Lens, Multifocal Intraocular",Malfunction,Topic 4,0
2026-05-27,General Surgery Tray,Malfunction,Topic 3,0
2026-05-26,General Surgery Tray,Malfunction,Topic 3,0
2026-05-26,Extended Depth Of Focus Intraocular Lens,Injury,Topic 4,1
2026-05-26,General Surgery Tray,Malfunction,Topic 1,0
2026-05-26,General Surgery Tray,Malfunction,Topic 8,0
2026-05-26,General Surgery Tray,Malfunction,Topic 5,0
2026-05-26,General Surgery Tray,Malfunction,Topic 3,0
2026-05-26,General Surgery Tray,Malfunction,Topic 3,0
2026-05-26,General Surgery Tray,Malfunction,Topic 8,0
2026-05-26,General Surgery Tray,Malfunction,Topic 3,0
2026-05-26,Intraocular Lens,Malfunction,Topic 2,0
2026-05-26,General Surgery Tray,Malfunction,Topic 6,0
2026-05-26,"Unit, Phacofragmentation",Malfunction,Topic 7,0
2026-05-26,"Instrument, Vitreous Aspiration And Cutt",Malfunction,Topic 7,0
2026-05-26,"Knife, Ophthalmic",Malfunction,Topic 7,0
2026-05-26,Intraocular Lens,Malfunction,Topic 2,0
2026-05-26,"Lens, Intraocular, Toric Optics",Injury,Topic 4,1
2026-05-26,General Surgery Tray,Malfunction,Topic 5,0
2026-05-26,"Lens, Intraocular, Toric Optics",Malfunction,Topic 2,0
2026-05-26,General Surgery Tray,Malfunction,Topic 1,0
2026-05-26,"Lens, Intraocular, Toric Optics",Injury,Topic 4,1
2026-05-26,Intraocular Lens,Malfunction,Topic 2,0
2026-05-26,"Suture, Nonabsorbable, Synthetic, Polyam",Malfunction,Topic 7,0
2026-05-26,"Lens, Guide, Intraocular",Malfunction,Topic 2,0
2026-05-26,General Surgery Tray,Malfunction,Topic 3,0
2026-05-26,"Lens, Intraocular, Toric Optics",Malfunction,Topic 2,0
2026-05-26,"Lens, Intraocular, Toric Optics",Malfunction,Topic 2,0
2026-05-26,"Unit, Phacofragmentation",Malfunction,Topic 6,0
2026-05-26,"Lens, Multifocal Intraocular",Injury,Topic 4,1
2026-05-26,General Surgery Tray,Malfunction,Topic 3,0
2026-05-26,"Lens, Intraocular, Toric Optics",Malfunction,Topic 7,0
2026-05-26,General Surgery Tray,Malfunction,Topic 1,0
2026-05-26,Intraocular Lens,Malfunction,Topic 2,0
2026-05-26,Intraocular Lens,Malfunction,Topic 2,0
2026-05-26,Intraocular Lens,Malfunction,Topic 2,0
2026-05-26,Intraocular Lens,Malfunction,Topic 2,0
2026-05-26,"Unit, Phacofragmentation",Malfunction,Topic 6,0
2026-05-26,Intraocular Lens,Malfunction,Topic 2,0
2026-05-26,Intraocular Lens,Malfunction,Topic 2,0
2026-05-25,General Surgery Tray,Malfunction,Topic 6,0
2026-05-25,"Unit, Phacofragmentation",Malfunction,Topic 3,0
2026-05-25,General Surgery Tray,Malfunction,Topic 3,0
2026-05-25,General Surgery Tray,Malfunction,Topic 8,0
2026-05-25,General Surgery Tray,Malfunction,Topic 6,0
2026-05-25,"Suture, Nonabsorbable, Synthetic, Polyam",Malfunction,Topic 8,0
2026-05-25,"Unit, Phacofragmentation",Malfunction,Topic 8,0
2026-05-25,"Unit, Phacofragmentation",Injury,Topic 6,1
2026-05-25,"Unit, Phacofragmentation",Injury,Topic 6,1
2026-05-25,General Surgery Tray,Malfunction,Topic 3,0
2026-05-25,"Knife, Ophthalmic",Malfunction,Topic 7,0
2026-05-25,General Surgery Tray,Malfunction,Topic 5,0
2026-05-25,General Surgery Tray,Malfunction,Topic 5,0
2026-05-25,General Surgery Tray,Malfunction,Topic 6,0
2026-05-25,General Surgery Tray,Malfunction,Topic 5,0
2026-05-25,General Surgery Tray,Malfunction,Topic 5,0
2026-05-25,General Surgery Tray,Malfunction,Topic 3,0
2026-05-25,General Surgery Tray,Malfunction,Topic 1,0
2026-05-25,Intraocular Lens,Malfunction,Topic 2,0
2026-05-25,"Lens, Intraocular, Toric Optics",Injury,Topic 7,1
2026-05-25,"Lens, Intraocular, Toric Optics",Injury,Topic 4,1
2026-05-25,Intraocular Lens,Malfunction,Topic 2,0
2026-05-25,Intraocular Lens,Malfunction,Topic 2,0
2026-05-25,"Lens, Intraocular, Toric Optics",Malfunction,Topic 2,0
2026-05-25,Intraocular Lens,Malfunction,Topic 2,0
2026-05-25,Intraocular Lens,Malfunction,Topic 2,0
2026-05-25,General Surgery Tray,Malfunction,Topic 3,0
2026-05-25,Intraocular Lens,Malfunction,Topic 2,0
2026-05-25,Intraocular Lens,Malfunction,Topic 2,0
2026-05-25,"Lens, Intraocular, Toric Optics",Malfunction,Topic 2,0
2026-05-25,Intraocular Lens,Malfunction,Topic 2,0
2026-05-25,Intraocular Lens,Injury,Topic 6,1
2026-05-25,Intraocular Lens,Malfunction,Topic 2,0
2026-05-25,"Lens, Guide, Intraocular",Malfunction,Topic 2,0
2026-05-25,Intraocular Lens,Malfunction,Topic 2,0
2026-05-25,Intraocular Lens,Injury,Topic 6,1
2026-05-25,"Lens, Multifocal Intraocular",Injury,Topic 4,1
2026-05-25,General Surgery Tray,Malfunction,Topic 6,0
2026-05-25,Intraocular Lens,Malfunction,Topic 2,0
2026-05-25,Intraocular Lens,Malfunction,Topic 2,0
2026-05-25,"Lens, Multifocal Intraocular",Injury,Topic 4,1
2026-05-25,"Lens, Multifocal Intraocular",Injury,Topic 4,1
2026-05-25,Intraocular Lens,Malfunction,Topic 2,0
2026-05-25,General Surgery Tray,Malfunction,Topic 1,0
2026-05-25,"Unit, Phacofragmentation",Injury,Topic 6,1
2026-05-25,Intraocular Lens,Malfunction,Topic 2,0
2026-05-25,"Lens, Multifocal Intraocular",Injury,Topic 4,1
2026-05-25,"Lens, Intraocular, Toric Optics",Injury,Topic 4,1
2026-05-25,"Unit, Phacofragmentation",Injury,Topic 7,1
2026-05-24,General Surgery Tray,Malfunction,Topic 3,0
2026-05-24,General Surgery Tray,Malfunction,Topic 1,0
2026-05-24,General Surgery Tray,Malfunction,Topic 6,0
2026-05-24,General Surgery Tray,Malfunction,Topic 6,0
2026-05-24,General Surgery Tray,Malfunction,Topic 5,0
2026-05-24,General Surgery Tray,Malfunction,Topic 8,0
2026-05-24,General Surgery Tray,Malfunction,Topic 1,0
2026-05-23,"Device, Irrigation, Ocular Surgery",Malfunction,Topic 7,0
2026-05-22,General Surgery Tray,Malfunction,Topic 1,0
2026-05-22,General Surgery Tray,Malfunction,Topic 3,0
2026-05-22,"Cannula, Trocar, Ophthalmic",Malfunction,Topic 7,0
2026-05-22,General Surgery Tray,Malfunction,Topic 8,0
2026-05-22,General Surgery Tray,Malfunction,Topic 8,0
2026-05-22,General Surgery Tray,Malfunction,Topic 1,0
2026-05-22,General Surgery Tray,Malfunction,Topic 8,0
2026-05-22,General Surgery Tray,Malfunction,Topic 1,0
2026-05-22,Ophthalmic Femtosecond Laser,Injury,Topic 6,1
2026-05-22,General Surgery Tray,Malfunction,Topic 8,0
2026-05-22,General Surgery Tray,Malfunction,Topic 3,0
2026-05-22,"Lens, Intraocular, Toric Optics",Malfunction,Topic 2,0
2026-05-22,General Surgery Tray,Malfunction,Topic 3,0
2026-05-22,"Unit, Phacofragmentation",Malfunction,Topic 6,0
2026-05-22,"Lens, Intraocular, Toric Optics",Malfunction,Topic 2,0
2026-05-22,"Cannula, Trocar, Ophthalmic",Malfunction,Topic 3,0
2026-05-22,"Lens, Intraocular, Toric Optics",Injury,Topic 6,1
2026-05-22,Intraocular Lens,Injury,Topic 6,1
2026-05-22,"Lens, Intraocular, Toric Optics",Malfunction,Topic 2,0
2026-05-22,"Lens, Intraocular, Toric Optics",Malfunction,Topic 2,0
2026-05-22,"Unit, Phacofragmentation",Injury,Topic 6,1
2026-05-22,General Surgery Tray,Malfunction,Topic 3,0
2026-05-22,"Lens, Intraocular, Toric Optics",Injury,Topic 4,1
2026-05-22,General Surgery Tray,Malfunction,Topic 6,0
2026-05-22,Intraocular Lens,Malfunction,Topic 2,0
2026-05-22,"Unit, Phacofragmentation",Malfunction,Topic 6,0
2026-05-22,"Unit, Phacofragmentation",Malfunction,Topic 6,0
2026-05-22,"Lens, Guide, Intraocular",Malfunction,Topic 2,0
2026-05-22,"Unit, Phacofragmentation",Injury,Topic 6,1
2026-05-22,"Unit, Phacofragmentation",Malfunction,Topic 3,0
2026-05-22,General Surgery Tray,Malfunction,Topic 1,0
2026-05-22,"Lens, Intraocular, Toric Optics",Malfunction,Topic 2,0
2026-05-22,"Lens, Intraocular, Toric Optics",Malfunction,Topic 2,0
2026-05-22,Intraocular Lens,Malfunction,Topic 2,0
2026-05-22,Intraocular Lens,Malfunction,Topic 7,0
2026-05-22,"Unit, Phacofragmentation",Injury,Topic 6,1
2026-05-22,"Unit, Phacofragmentation",Injury,Topic 6,1
2026-05-22,"Unit, Phacofragmentation",Injury,Topic 6,1
2026-05-22,"Unit, Phacofragmentation",Injury,Topic 6,1
2026-05-22,General Surgery Tray,Malfunction,Topic 3,0
2026-05-22,"Device, Irrigation, Ocular Surgery",Injury,Topic 7,1
2026-05-22,"Lens, Intraocular, Toric Optics",Injury,Topic 4,1
2026-05-22,Extended Depth Of Focus Intraocular Lens,Injury,Topic 4,1
2026-05-22,Intraocular Lens,Malfunction,Topic 2,0
2026-05-22,"Folders And Injectors, Intraocular Lens ",Malfunction,Topic 2,0
2026-05-22,"Knife, Ophthalmic",Malfunction,Topic 7,0
2026-05-22,Intraocular Lens,Malfunction,Topic 2,0
2026-05-22,"Lens, Multifocal Intraocular",Injury,Topic 4,1
2026-05-22,Intraocular Lens,Malfunction,Topic 8,0
2026-05-22,Intraocular Lens,Malfunction,Topic 2,0
2026-05-22,Intraocular Lens,Malfunction,Topic 2,0
2026-05-22,"Instrument, Vitreous Aspiration And Cutt",Malfunction,Topic 6,0
2026-05-22,Intraocular Lens,Malfunction,Topic 2,0
2026-05-22,Intraocular Lens,Malfunction,Topic 2,0
2026-05-22,Intraocular Lens,Malfunction,Topic 2,0
2026-05-22,"Lens, Intraocular, Toric Optics",Injury,Topic 4,1
2026-05-22,"Lens, Guide, Intraocular",Malfunction,Topic 2,0
2026-05-22,"Lens, Intraocular, Toric Optics",Malfunction,Topic 2,0
2026-05-22,Intraocular Lens,Malfunction,Topic 2,0
2026-05-22,"Lens, Guide, Intraocular",Malfunction,Topic 2,0
2026-05-22,Intraocular Lens,Injury,Topic 2,1
2026-05-21,"Unit, Phacofragmentation",Malfunction,Topic 7,0
2026-05-21,General Surgery Tray,Malfunction,Topic 8,0
2026-05-21,General Surgery Tray,Malfunction,Topic 5,0
2026-05-21,General Surgery Tray,Malfunction,Topic 1,0
2026-05-21,General Surgery Tray,Malfunction,Topic 3,0
2026-05-21,General Surgery Tray,Malfunction,Topic 3,0
2026-05-21,General Surgery Tray,Malfunction,Topic 1,0
2026-05-21,General Surgery Tray,Malfunction,Topic 1,0
2026-05-21,General Surgery Tray,Malfunction,Topic 8,0
2026-05-21,"Knife, Ophthalmic",Malfunction,Topic 7,0
2026-05-21,General Surgery Tray,Malfunction,Topic 1,0
2026-05-21,Intraocular Lens,Malfunction,Topic 2,0
2026-05-21,General Surgery Tray,Malfunction,Topic 5,0
2026-05-21,General Surgery Tray,Malfunction,Topic 8,0
2026-05-21,"Unit, Phacofragmentation",Malfunction,Topic 6,0
2026-05-21,General Surgery Tray,Malfunction,Topic 6,0
2026-05-21,"Lens, Intraocular, Toric Optics",Injury,Topic 4,1
2026-05-21,"Lens, Intraocular, Toric Optics",Malfunction,Topic 2,0
2026-05-21,Intraocular Lens,Malfunction,Topic 2,0
2026-05-21,"Folders And Injectors, Intraocular Lens ",Malfunction,Topic 2,0
2026-05-21,Intraocular Lens,Malfunction,Topic 2,0
2026-05-21,"Lens, Intraocular, Toric Optics",Injury,Topic 4,1
2026-05-21,General Surgery Tray,Malfunction,Topic 3,0
2026-05-21,General Surgery Tray,Malfunction,Topic 1,0
2026-05-21,General Surgery Tray,Malfunction,Topic 3,0
2026-05-21,"Folders And Injectors, Intraocular Lens ",Malfunction,Topic 2,0
2026-05-21,Intraocular Lens,Malfunction,Topic 2,0
2026-05-21,Intraocular Lens,Malfunction,Topic 2,0
2026-05-21,General Surgery Tray,Malfunction,Topic 1,0
2026-05-21,Intraocular Lens,Injury,Topic 4,1
2026-05-21,Intraocular Lens,Injury,Topic 4,1
2026-05-21,Intraocular Lens,Malfunction,Topic 2,0
2026-05-21,Intraocular Lens,Injury,Topic 2,1
2026-05-21,Intraocular Lens,Malfunction,Topic 2,0
2026-05-21,"Lens, Multifocal Intraocular",Injury,Topic 4,1
2026-05-21,Intraocular Lens,Malfunction,Topic 2,0
2026-05-21,Intraocular Lens,Malfunction,Topic 2,0
2026-05-21,Intraocular Lens,Malfunction,Topic 2,0
2026-05-21,"Folders And Injectors, Intraocular Lens ",Malfunction,Topic 2,0
2026-05-21,"Lens, Intraocular, Toric Optics",Injury,Topic 2,1
2026-05-21,General Surgery Tray,Malfunction,Topic 3,0
2026-05-21,General Surgery Tray,Malfunction,Topic 1,0
2026-05-21,"Unit, Phacofragmentation",Malfunction,Topic 8,0
2026-05-20,General Surgery Tray,Malfunction,Topic 8,0
2026-05-20,General Surgery Tray,Malfunction,Topic 1,0
2026-05-20,General Surgery Tray,Malfunction,Topic 3,0
2026-05-20,General Surgery Tray,Malfunction,Topic 8,0
2026-05-20,General Surgery Tray,Malfunction,Topic 1,0
2026-05-20,General Surgery Tray,Malfunction,Topic 8,0
2026-05-20,General Surgery Tray,Malfunction,Topic 1,0
2026-05-20,General Surgery Tray,Malfunction,Topic 5,0
2026-05-20,General Surgery Tray,Malfunction,Topic 3,0
2026-05-20,General Surgery Tray,Malfunction,Topic 8,0
2026-05-20,General Surgery Tray,Malfunction,Topic 6,0
2026-05-20,"Laser, Ophthalmic",Malfunction,Topic 7,0
2026-05-20,General Surgery Tray,Malfunction,Topic 6,0
2026-05-20,General Surgery Tray,Malfunction,Topic 8,0
2026-05-20,"Unit, Phacofragmentation",Malfunction,Topic 6,0
2026-05-20,General Surgery Tray,Malfunction,Topic 3,0
2026-05-20,"Unit, Phacofragmentation",Malfunction,Topic 7,0
2026-05-20,"Unit, Phacofragmentation",Malfunction,Topic 7,0
2026-05-20,"Lens, Guide, Intraocular",Malfunction,Topic 2,0
2026-05-20,"Cannula, Trocar, Ophthalmic",Malfunction,Topic 7,0
2026-05-20,"Unit, Phacofragmentation",Malfunction,Topic 7,0
2026-05-20,"Unit, Phacofragmentation",Malfunction,Topic 7,0
2026-05-20,"Knife, Ophthalmic",Malfunction,Topic 7,0
2026-05-20,"Forceps, Ophthalmic",Malfunction,Topic 7,0
2026-05-20,"Cannula, Ophthalmic",Malfunction,Topic 6,0
2026-05-20,"Unit, Phacofragmentation",Malfunction,Topic 7,0
2026-05-20,General Surgery Tray,Malfunction,Topic 1,0
2026-05-20,"Lens, Intraocular, Toric Optics",Injury,Topic 4,1
2026-05-20,Extended Depth Of Focus Intraocular Lens,Malfunction,Topic 2,0
2026-05-20,General Surgery Tray,Malfunction,Topic 1,0
2026-05-20,General Surgery Tray,Malfunction,Topic 6,0
2026-05-20,General Surgery Tray,Malfunction,Topic 1,0
2026-05-20,General Surgery Tray,Malfunction,Topic 5,0
2026-05-20,General Surgery Tray,Malfunction,Topic 1,0
2026-05-20,"Lens, Multifocal Intraocular",Malfunction,Topic 2,0
2026-05-20,Intraocular Lens,Malfunction,Topic 2,0
2026-05-20,General Surgery Tray,Malfunction,Topic 6,0
2026-05-20,"Lens, Intraocular, Toric Optics",Malfunction,Topic 7,0
2026-05-20,"Lens, Guide, Intraocular",Malfunction,Topic 2,0
2026-05-20,General Surgery Tray,Malfunction,Topic 8,0
2026-05-20,"Scissors, Ophthalmic",Malfunction,Topic 6,0
2026-05-20,"Knife, Ophthalmic",Malfunction,Topic 7,0
2026-05-20,"Unit, Phacofragmentation",Malfunction,Topic 6,0
2026-05-20,"Suture, Nonabsorbable, Synthetic, Polyam",Malfunction,Topic 7,0
2026-05-20,General Surgery Tray,Malfunction,Topic 3,0
2026-05-20,"Suture, Nonabsorbable, Synthetic, Polyam",Malfunction,Topic 7,0
2026-05-20,"Lens, Intraocular, Toric Optics",Malfunction,Topic 4,0
2026-05-20,"Lens, Guide, Intraocular",Malfunction,Topic 2,0
2026-05-20,General Surgery Tray,Malfunction,Topic 1,0
2026-05-20,"Suture, Nonabsorbable, Synthetic, Polyam",Malfunction,Topic 7,0
2026-05-20,Extended Depth Of Focus Intraocular Lens,Injury,Topic 4,1
2026-05-20,"Lens, Multifocal Intraocular",Injury,Topic 2,1
2026-05-20,General Surgery Tray,Malfunction,Topic 1,0
2026-05-20,General Surgery Tray,Malfunction,Topic 6,0
2026-05-20,"Lens, Intraocular, Toric Optics",Malfunction,Topic 2,0
2026-05-20,Intraocular Lens,Malfunction,Topic 2,0
2026-05-20,General Surgery Tray,Malfunction,Topic 1,0
2026-05-20,"Accessories, Soft Lens Products",Malfunction,Topic 6,0
2026-05-20,Intraocular Lens,Malfunction,Topic 2,0
2026-05-20,"Lens, Intraocular, Toric Optics",Injury,Topic 4,1
2026-05-20,"Accessories, Soft Lens Products",Injury,Topic 6,1
2026-05-19,General Surgery Tray,Malfunction,Topic 5,0
2026-05-19,General Surgery Tray,Malfunction,Topic 8,0
2026-05-19,General Surgery Tray,Malfunction,Topic 5,0
2026-05-19,General Surgery Tray,Malfunction,Topic 1,0
2026-05-19,General Surgery Tray,Malfunction,Topic 3,0
2026-05-19,General Surgery Tray,Malfunction,Topic 1,0
2026-05-19,Intraocular Lens,Malfunction,Topic 2,0
2026-05-19,"Lens, Intraocular, Toric Optics",Injury,Topic 4,1
2026-05-19,"Lens, Intraocular, Toric Optics",Injury,Topic 4,1
2026-05-19,General Surgery Tray,Malfunction,Topic 8,0
2026-05-19,General Surgery Tray,Malfunction,Topic 1,0
2026-05-19,General Surgery Tray,Malfunction,Topic 6,0
2026-05-19,General Surgery Tray,Malfunction,Topic 1,0
2026-05-19,General Surgery Tray,Malfunction,Topic 8,0
2026-05-19,General Surgery Tray,Malfunction,Topic 3,0
2026-05-19,Intraocular Lens,Malfunction,Topic 2,0
2026-05-19,"Lens, Intraocular, Toric Optics",Injury,Topic 4,1
2026-05-19,General Surgery Tray,Malfunction,Topic 1,0
2026-05-19,General Surgery Tray,Malfunction,Topic 8,0
2026-05-19,General Surgery Tray,Malfunction,Topic 1,0
2026-05-19,General Surgery Tray,Malfunction,Topic 1,0
2026-05-19,General Surgery Tray,Malfunction,Topic 8,0
2026-05-19,General Surgery Tray,Malfunction,Topic 8,0
2026-05-19,"Knife, Ophthalmic",Malfunction,Topic 7,0
2026-05-19,General Surgery Tray,Malfunction,Topic 3,0
2026-05-19,General Surgery Tray,Malfunction,Topic 3,0
2026-05-19,General Surgery Tray,Malfunction,Topic 8,0
2026-05-19,General Surgery Tray,Malfunction,Topic 8,0
2026-05-19,General Surgery Tray,Malfunction,Topic 8,0
2026-05-19,"Tubing, Noninvasive",Malfunction,Topic 1,0
2026-05-19,"Folders And Injectors, Intraocular Lens ",Malfunction,Topic 2,0
2026-05-19,"Lens, Intraocular, Toric Optics",Malfunction,Topic 2,0
2026-05-19,Intraocular Lens,Malfunction,Topic 2,0
2026-05-19,"Unit, Phacofragmentation",Malfunction,Topic 3,0
2026-05-19,Intraocular Lens,Malfunction,Topic 2,0
2026-05-19,"Lens, Multifocal Intraocular",Injury,Topic 4,1
2026-05-19,Intraocular Lens,Injury,Topic 4,1
2026-05-19,"Lens, Intraocular, Toric Optics",Malfunction,Topic 2,0
2026-05-19,"Lens, Multifocal Intraocular",Injury,Topic 4,1
2026-05-19,"Lens, Intraocular, Toric Optics",Malfunction,Topic 2,0
2026-05-19,"Unit, Phacofragmentation",Injury,Topic 8,1
2026-05-19,"Knife, Ophthalmic",Malfunction,Topic 7,0
2026-05-19,General Surgery Tray,Malfunction,Topic 6,0
2026-05-19,General Surgery Tray,Malfunction,Topic 1,0
2026-05-19,General Surgery Tray,Malfunction,Topic 5,0
2026-05-19,General Surgery Tray,Malfunction,Topic 5,0
2026-05-19,General Surgery Tray,Malfunction,Topic 3,0
2026-05-19,"Lens, Intraocular, Toric Optics",Malfunction,Topic 2,0
2026-05-19,"Instrument, Vitreous Aspiration And Cutt",Malfunction,Topic 7,0
2026-05-19,Intraocular Lens,Malfunction,Topic 2,0
2026-05-19,General Surgery Tray,Malfunction,Topic 6,0
2026-05-19,General Surgery Tray,Malfunction,Topic 8,0
2026-05-19,"Scissors, Ophthalmic",Malfunction,Topic 1,0
2026-05-19,"Cannula, Trocar, Ophthalmic",Malfunction,Topic 1,0
2026-05-19,General Surgery Tray,Malfunction,Topic 3,0
2026-05-19,General Surgery Tray,Malfunction,Topic 8,0
2026-05-19,"Light, Surgical, Fiberoptic",Malfunction,Topic 3,0
2026-05-19,General Surgery Tray,Malfunction,Topic 1,0
2026-05-19,Extended Depth Of Focus Intraocular Lens,Malfunction,Topic 2,0
2026-05-19,General Surgery Tray,Malfunction,Topic 8,0
2026-05-19,General Surgery Tray,Malfunction,Topic 8,0
2026-05-19,General Surgery Tray,Injury,Topic 7,1
2026-05-18,General Surgery Tray,Malfunction,Topic 3,0
2026-05-18,General Surgery Tray,Malfunction,Topic 1,0
2026-05-18,General Surgery Tray,Malfunction,Topic 8,0
2026-05-18,General Surgery Tray,Malfunction,Topic 5,0
2026-05-18,General Surgery Tray,Malfunction,Topic 5,0
2026-05-18,General Surgery Tray,Malfunction,Topic 5,0
2026-05-18,General Surgery Tray,Malfunction,Topic 1,0
2026-05-18,"Lens, Intraocular, Toric Optics",Malfunction,Topic 2,0
2026-05-18,Intraocular Lens,Malfunction,Topic 2,0
2026-05-18,General Surgery Tray,Malfunction,Topic 1,0
2026-05-18,"Unit, Phacofragmentation",Malfunction,Topic 8,0
2026-05-18,General Surgery Tray,Malfunction,Topic 8,0
2026-05-18,"Tubing, Noninvasive",Malfunction,Topic 8,0
2026-05-18,General Surgery Tray,Injury,Topic 3,1
2026-05-18,General Surgery Tray,Malfunction,Topic 1,0
2026-05-18,"Lens, Intraocular, Toric Optics",Malfunction,Topic 2,0
2026-05-18,"Unit, Phacofragmentation",Injury,Topic 6,1
2026-05-18,"Unit, Phacofragmentation",Malfunction,Topic 8,0
2026-05-18,Intraocular Lens,Injury,Topic 4,1
2026-05-18,"Lens, Multifocal Intraocular",Injury,Topic 4,1
2026-05-18,General Surgery Tray,Malfunction,Topic 6,0
2026-05-18,"Vitrectomy, Instrument Cutter",Malfunction,Topic 1,0
2026-05-18,General Surgery Tray,Malfunction,Topic 5,0
2026-05-18,Intraocular Lens,Malfunction,Topic 2,0
2026-05-18,"Lens, Intraocular, Toric Optics",Malfunction,Topic 2,0
2026-05-18,Intraocular Lens,Malfunction,Topic 2,0
2026-05-18,General Surgery Tray,Malfunction,Topic 1,0
2026-05-18,Ophthalmic Femtosecond Laser,Malfunction,Topic 6,0
2026-05-18,General Surgery Tray,Malfunction,Topic 8,0
2026-05-18,Intraocular Lens,Malfunction,Topic 2,0
2026-05-18,"Lens, Guide, Intraocular",Malfunction,Topic 2,0
2026-05-18,Intraocular Lens,Malfunction,Topic 2,0
2026-05-18,"Unit, Phacofragmentation",Malfunction,Topic 6,0
2026-05-18,General Surgery Tray,Malfunction,Topic 6,0
2026-05-18,"Unit, Phacofragmentation",Malfunction,Topic 7,0
2026-05-18,"Lens, Intraocular, Toric Optics",Injury,Topic 4,1
2026-05-18,Intraocular Lens,Malfunction,Topic 2,0
2026-05-18,Intraocular Lens,Malfunction,Topic 8,0
2026-05-18,General Surgery Tray,Malfunction,Topic 8,0
2026-05-18,General Surgery Tray,Malfunction,Topic 5,0
2026-05-18,"Lens, Intraocular, Toric Optics",Malfunction,Topic 2,0
2026-05-18,Intraocular Lens,Malfunction,Topic 2,0
2026-05-18,Intraocular Lens,Malfunction,Topic 2,0
2026-05-18,"Folders And Injectors, Intraocular Lens ",Malfunction,Topic 2,0
2026-05-18,"Lens, Intraocular, Toric Optics",Malfunction,Topic 2,0
2026-05-18,General Surgery Tray,Malfunction,Topic 8,0
2026-05-18,"Lens, Guide, Intraocular",Malfunction,Topic 2,0
2026-05-18,General Surgery Tray,Malfunction,Topic 3,0
2026-05-18,"Lens, Guide, Intraocular",Malfunction,Topic 2,0
2026-05-18,General Surgery Tray,Malfunction,Topic 3,0
2026-05-18,"Lens, Intraocular, Toric Optics",Malfunction,Topic 2,0
2026-05-18,General Surgery Tray,Malfunction,Topic 6,0
2026-05-18,General Surgery Tray,Malfunction,Topic 1,0
2026-05-17,"Knife, Ophthalmic",Malfunction,Topic 7,0
2026-05-17,"Knife, Ophthalmic",Malfunction,Topic 7,0
2026-05-15,General Surgery Tray,Malfunction,Topic 1,0
2026-05-15,General Surgery Tray,Malfunction,Topic 2,0
2026-05-15,General Surgery Tray,Malfunction,Topic 1,0
2026-05-15,General Surgery Tray,Malfunction,Topic 5,0
2026-05-15,"Unit, Phacofragmentation",Injury,Topic 6,1
2026-05-15,General Surgery Tray,Malfunction,Topic 7,0
2026-05-15,General Surgery Tray,Malfunction,Topic 5,0
2026-05-15,General Surgery Tray,Malfunction,Topic 8,0
2026-05-15,General Surgery Tray,Malfunction,Topic 6,0
2026-05-15,General Surgery Tray,Malfunction,Topic 8,0
2026-05-15,General Surgery Tray,Malfunction,Topic 3,0
2026-05-15,"Lens, Intraocular, Toric Optics",Malfunction,Topic 7,0
2026-05-15,Intraocular Lens,Malfunction,Topic 2,0
2026-05-15,"Lens, Intraocular, Toric Optics",Injury,Topic 4,1
2026-05-15,General Surgery Tray,Malfunction,Topic 1,0
2026-05-15,General Surgery Tray,Malfunction,Topic 3,0
2026-05-15,General Surgery Tray,Malfunction,Topic 1,0
2026-05-15,General Surgery Tray,Malfunction,Topic 8,0
2026-05-15,Extended Depth Of Focus Intraocular Lens,Injury,Topic 2,1
2026-05-15,General Surgery Tray,Malfunction,Topic 3,0
2026-05-15,General Surgery Tray,Malfunction,Topic 8,0
2026-05-15,General Surgery Tray,Malfunction,Topic 6,0
2026-05-15,General Surgery Tray,Malfunction,Topic 1,0
2026-05-15,General Surgery Tray,Malfunction,Topic 3,0
2026-05-15,"Suture, Nonabsorbable, Synthetic, Polyam",Malfunction,Topic 6,0
2026-05-15,"Knife, Ophthalmic",Malfunction,Topic 7,0
2026-05-15,General Surgery Tray,Malfunction,Topic 1,0
2026-05-15,General Surgery Tray,Malfunction,Topic 8,0
2026-05-15,Intraocular Lens,Malfunction,Topic 2,0
2026-05-15,"Knife, Ophthalmic",Malfunction,Topic 7,0
2026-05-15,General Surgery Tray,Malfunction,Topic 3,0
2026-05-15,General Surgery Tray,Malfunction,Topic 8,0
2026-05-15,"Unit, Phacofragmentation",Malfunction,Topic 1,0
2026-05-15,"Lens, Intraocular, Toric Optics",Malfunction,Topic 2,0
2026-05-15,"Suture, Nonabsorbable, Synthetic, Polyam",Malfunction,Topic 6,0
2026-05-15,"Lens, Guide, Intraocular",Malfunction,Topic 2,0
2026-05-15,Intraocular Lens,Malfunction,Topic 2,0
2026-05-15,Extended Depth Of Focus Intraocular Lens,Injury,Topic 4,1
2026-05-15,Intraocular Lens,Malfunction,Topic 2,0
2026-05-15,"Unit, Phacofragmentation",Injury,Topic 6,1
2026-05-15,"Lens, Multifocal Intraocular",Malfunction,Topic 2,0
2026-05-15,Intraocular Lens,Malfunction,Topic 2,0
2026-05-15,"Lens, Multifocal Intraocular",Malfunction,Topic 2,0
2026-05-15,"Vitrectomy, Instrument Cutter",Malfunction,Topic 1,0
2026-05-15,"Unit, Phacofragmentation",Malfunction,Topic 6,0
2026-05-15,"Unit, Phacofragmentation",Malfunction,Topic 6,0
2026-05-15,"Unit, Phacofragmentation",Malfunction,Topic 7,0
2026-05-15,"Lens, Intraocular, Toric Optics",Injury,Topic 4,1
2026-05-15,"Unit, Phacofragmentation",Injury,Topic 6,1
2026-05-15,Intraocular Lens,Malfunction,Topic 2,0
2026-05-15,Intraocular Lens,Malfunction,Topic 2,0
2026-05-15,Intraocular Lens,Malfunction,Topic 2,0
2026-05-15,"Unit, Phacofragmentation",Injury,Topic 6,1
2026-05-15,General Surgery Tray,Malfunction,Topic 3,0
2026-05-15,General Surgery Tray,Malfunction,Topic 5,0
2026-05-15,General Surgery Tray,Malfunction,Topic 5,0
2026-05-15,Intraocular Lens,Injury,Topic 2,1
2026-05-15,"Unit, Phacofragmentation",Malfunction,Topic 7,0
2026-05-15,Intraocular Lens,Malfunction,Topic 2,0
2026-05-15,"Lens, Guide, Intraocular",Malfunction,Topic 2,0
2026-05-15,Intraocular Lens,Malfunction,Topic 2,0
2026-05-15,"Lens, Multifocal Intraocular",Injury,Topic 2,1
2026-05-14,"Lens, Intraocular, Toric Optics",Injury,Topic 4,1
2026-05-14,General Surgery Tray,Malfunction,Topic 1,0
2026-05-14,General Surgery Tray,Malfunction,Topic 3,0
2026-05-14,"Instrument, Vitreous Aspiration And Cutt",Malfunction,Topic 3,0
2026-05-14,General Surgery Tray,Malfunction,Topic 6,0
2026-05-14,"Instrument, Vitreous Aspiration And Cutt",Malfunction,Topic 1,0
2026-05-14,General Surgery Tray,Malfunction,Topic 3,0
2026-05-14,Extended Depth Of Focus Intraocular Lens,Malfunction,Topic 2,0
2026-05-14,General Surgery Tray,Malfunction,Topic 8,0
2026-05-14,"Unit, Phacofragmentation",Malfunction,Topic 1,0
2026-05-14,"Instrument, Vitreous Aspiration And Cutt",Malfunction,Topic 1,0
2026-05-14,"Unit, Phacofragmentation",Malfunction,Topic 7,0
2026-05-14,"Unit, Phacofragmentation",Injury,Topic 6,1
2026-05-14,Intraocular Lens,Injury,Topic 2,1
2026-05-14,"Tubing, Noninvasive",Malfunction,Topic 8,0
2026-05-14,"Cannula, Trocar, Ophthalmic",Malfunction,Topic 7,0
2026-05-14,General Surgery Tray,Malfunction,Topic 8,0
2026-05-14,Intraocular Lens,Malfunction,Topic 2,0
2026-05-14,Intraocular Lens,Malfunction,Topic 2,0
2026-05-14,Intraocular Lens,Malfunction,Topic 2,0
2026-05-14,Intraocular Lens,Malfunction,Topic 2,0
2026-05-14,"Suture, Nonabsorbable, Synthetic, Polyam",Malfunction,Topic 7,0
2026-05-14,Intraocular Lens,Malfunction,Topic 2,0
2026-05-14,General Surgery Tray,Malfunction,Topic 5,0
2026-05-14,"Suture, Nonabsorbable, Synthetic, Polyam",Malfunction,Topic 7,0
2026-05-14,"Unit, Phacofragmentation",Injury,Topic 6,1
2026-05-14,"Folders And Injectors, Intraocular Lens ",Malfunction,Topic 2,0
2026-05-14,Intraocular Lens,Malfunction,Topic 2,0
2026-05-14,"Unit, Phacofragmentation",Injury,Topic 6,1
2026-05-14,"Unit, Phacofragmentation",Malfunction,Topic 7,0
2026-05-14,"Device, Irrigation, Ocular Surgery",Malfunction,Topic 6,0
2026-05-14,General Surgery Tray,Malfunction,Topic 1,0
2026-05-14,General Surgery Tray,Malfunction,Topic 8,0
2026-05-14,"Unit, Phacofragmentation",Malfunction,Topic 7,0
2026-05-14,"Lens, Intraocular, Toric Optics",Malfunction,Topic 2,0
2026-05-14,"Unit, Phacofragmentation",Malfunction,Topic 6,0
2026-05-14,Intraocular Lens,Malfunction,Topic 2,0
2026-05-14,"Suture, Nonabsorbable, Synthetic, Polyam",Malfunction,Topic 7,0
2026-05-14,"Lens, Intraocular, Toric Optics",Malfunction,Topic 2,0
2026-05-14,"Lens, Intraocular, Toric Optics",Injury,Topic 2,1
2026-05-14,"Unit, Phacofragmentation",Malfunction,Topic 7,0
2026-05-14,"Laser, Ophthalmic",Malfunction,Topic 7,0
2026-05-14,"Lens, Intraocular, Toric Optics",Injury,Topic 4,1
2026-05-14,"Instrument, Vitreous Aspiration And Cutt",Malfunction,Topic 8,0
2026-05-14,"Unit, Phacofragmentation",Injury,Topic 1,1
2026-05-14,General Surgery Tray,Malfunction,Topic 6,0
2026-05-14,General Surgery Tray,Malfunction,Topic 8,0
2026-05-14,General Surgery Tray,Malfunction,Topic 3,0
2026-05-14,"Lens, Guide, Intraocular",Malfunction,Topic 2,0
2026-05-14,Intraocular Lens,Malfunction,Topic 6,0
2026-05-14,Intraocular Lens,Injury,Topic 2,1
2026-05-14,"Laser, Ophthalmic",Malfunction,Topic 7,0
2026-05-14,"Unit, Phacofragmentation",Malfunction,Topic 7,0
2026-05-13,General Surgery Tray,Malfunction,Topic 1,0
2026-05-13,General Surgery Tray,Malfunction,Topic 8,0
2026-05-13,"Instrument, Vitreous Aspiration And Cutt",Malfunction,Topic 8,0
2026-05-13,General Surgery Tray,Malfunction,Topic 5,0
2026-05-13,General Surgery Tray,Malfunction,Topic 1,0
2026-05-13,General Surgery Tray,Malfunction,Topic 6,0
2026-05-13,General Surgery Tray,Malfunction,Topic 1,0
2026-05-13,General Surgery Tray,Malfunction,Topic 1,0
2026-05-13,General Surgery Tray,Malfunction,Topic 1,0
2026-05-13,General Surgery Tray,Malfunction,Topic 3,0
2026-05-13,"Unit, Phacofragmentation",Malfunction,Topic 6,0
2026-05-13,"Lens, Intraocular, Toric Optics",Malfunction,Topic 7,0
2026-05-13,"Lens, Intraocular, Toric Optics",Injury,Topic 4,1
2026-05-13,"Lens, Guide, Intraocular",Malfunction,Topic 2,0
2026-05-13,Intraocular Lens,Malfunction,Topic 2,0
2026-05-13,"Knife, Ophthalmic",Malfunction,Topic 7,0
2026-05-13,General Surgery Tray,Malfunction,Topic 1,0
2026-05-13,General Surgery Tray,Malfunction,Topic 8,0
2026-05-13,General Surgery Tray,Malfunction,Topic 1,0
2026-05-13,"Suture, Nonabsorbable, Synthetic, Polyam",Malfunction,Topic 7,0
2026-05-13,General Surgery Tray,Injury,Topic 6,1
2026-05-13,"Unit, Phacofragmentation",Malfunction,Topic 8,0
2026-05-13,General Surgery Tray,Malfunction,Topic 8,0
2026-05-13,"Suture, Nonabsorbable, Synthetic, Polyam",Malfunction,Topic 7,0
2026-05-13,General Surgery Tray,Injury,Topic 3,1
2026-05-13,General Surgery Tray,Malfunction,Topic 1,0
2026-05-13,General Surgery Tray,Malfunction,Topic 3,0
2026-05-13,General Surgery Tray,Malfunction,Topic 1,0
2026-05-13,General Surgery Tray,Malfunction,Topic 5,0
2026-05-13,"Unit, Phacofragmentation",Malfunction,Topic 7,0
2026-05-13,"Unit, Phacofragmentation",Malfunction,Topic 6,0
2026-05-13,General Surgery Tray,Malfunction,Topic 6,0
2026-05-13,"Aberrometer, Ophthalmic",Injury,Topic 4,1
2026-05-13,General Surgery Tray,Malfunction,Topic 3,0
2026-05-13,"Knife, Ophthalmic",Malfunction,Topic 7,0
2026-05-13,"Lens, Intraocular, Toric Optics",Malfunction,Topic 2,0
2026-05-13,General Surgery Tray,Malfunction,Topic 3,0
2026-05-13,General Surgery Tray,Malfunction,Topic 5,0
2026-05-13,General Surgery Tray,Malfunction,Topic 1,0
2026-05-13,"Unit, Phacofragmentation",Malfunction,Topic 6,0
2026-05-13,General Surgery Tray,Malfunction,Topic 8,0
2026-05-13,"Lens, Intraocular, Toric Optics",Malfunction,Topic 2,0
2026-05-13,Intraocular Lens,Malfunction,Topic 2,0
2026-05-13,"Unit, Phacofragmentation",Malfunction,Topic 3,0
2026-05-13,General Surgery Tray,Malfunction,Topic 8,0
2026-05-13,General Surgery Tray,Malfunction,Topic 5,0
2026-05-13,"Lens, Guide, Intraocular",Malfunction,Topic 2,0
2026-05-13,General Surgery Tray,Malfunction,Topic 6,0
2026-05-13,General Surgery Tray,Malfunction,Topic 1,0
2026-05-13,"Instrument, Vitreous Aspiration And Cutt",Malfunction,Topic 1,0
2026-05-13,General Surgery Tray,Malfunction,Topic 8,0
2026-05-13,General Surgery Tray,Malfunction,Topic 3,0
2026-05-13,"Accessories, Soft Lens Products",Injury,Topic 6,1
2026-05-13,"Unit, Phacofragmentation",Malfunction,Topic 6,0
2026-05-13,Intraocular Lens,Malfunction,Topic 2,0
2026-05-12,General Surgery Tray,Malfunction,Topic 3,0
2026-05-12,General Surgery Tray,Malfunction,Topic 3,0
2026-05-12,"Vitrectomy, Instrument Cutter",Malfunction,Topic 1,0
2026-05-12,General Surgery Tray,Injury,Topic 6,1
2026-05-12,"Instrument, Vitreous Aspiration And Cutt",Malfunction,Topic 5,0
2026-05-12,General Surgery Tray,Malfunction,Topic 1,0
2026-05-12,General Surgery Tray,Malfunction,Topic 3,0
2026-05-12,General Surgery Tray,Malfunction,Topic 1,0
2026-05-12,General Surgery Tray,Malfunction,Topic 5,0
2026-05-12,General Surgery Tray,Malfunction,Topic 5,0
2026-05-12,"Cannula, Trocar, Ophthalmic",Malfunction,Topic 8,0
2026-05-12,General Surgery Tray,Malfunction,Topic 8,0
2026-05-12,General Surgery Tray,Malfunction,Topic 3,0
2026-05-12,Intraocular Lens,Malfunction,Topic 2,0
2026-05-12,General Surgery Tray,Malfunction,Topic 3,0
2026-05-12,General Surgery Tray,Malfunction,Topic 3,0
2026-05-12,General Surgery Tray,Injury,Topic 6,1
2026-05-12,General Surgery Tray,Malfunction,Topic 6,0
2026-05-12,General Surgery Tray,Injury,Topic 6,1
2026-05-12,General Surgery Tray,Malfunction,Topic 3,0
2026-05-12,General Surgery Tray,Malfunction,Topic 1,0
2026-05-12,General Surgery Tray,Malfunction,Topic 3,0
2026-05-12,General Surgery Tray,Malfunction,Topic 5,0
2026-05-12,General Surgery Tray,Malfunction,Topic 1,0
2026-05-12,Intraocular Lens,Malfunction,Topic 2,0
2026-05-12,General Surgery Tray,Malfunction,Topic 1,0
2026-05-12,General Surgery Tray,Malfunction,Topic 8,0
2026-05-12,"Vitrectomy, Instrument Cutter",Malfunction,Topic 5,0
2026-05-12,General Surgery Tray,Malfunction,Topic 1,0
2026-05-12,"Vitrectomy, Instrument Cutter",Malfunction,Topic 1,0
2026-05-12,General Surgery Tray,Malfunction,Topic 3,0
2026-05-12,Extended Depth Of Focus Intraocular Lens,Malfunction,Topic 2,0
2026-05-12,Intraocular Lens,Malfunction,Topic 2,0
2026-05-12,"Unit, Phacofragmentation",Malfunction,Topic 6,0
2026-05-12,General Surgery Tray,Malfunction,Topic 3,0
2026-05-12,General Surgery Tray,Malfunction,Topic 6,0
2026-05-12,Intraocular Lens,Malfunction,Topic 2,0
2026-05-12,"Lens, Intraocular, Toric Optics",Malfunction,Topic 2,0
2026-05-12,"Folders And Injectors, Intraocular Lens ",Malfunction,Topic 2,0
2026-05-12,General Surgery Tray,Malfunction,Topic 8,0
2026-05-12,General Surgery Tray,Malfunction,Topic 5,0
2026-05-12,General Surgery Tray,Malfunction,Topic 1,0
2026-05-12,"Tubing, Noninvasive",Malfunction,Topic 8,0
2026-05-12,"Lens, Multifocal Intraocular",Malfunction,Topic 2,0
2026-05-12,"Knife, Ophthalmic",Malfunction,Topic 7,0
2026-05-12,General Surgery Tray,Malfunction,Topic 2,0
2026-05-12,General Surgery Tray,Malfunction,Topic 5,0
2026-05-12,General Surgery Tray,Malfunction,Topic 3,0
2026-05-12,Intraocular Lens,Malfunction,Topic 2,0
2026-05-12,General Surgery Tray,Malfunction,Topic 5,0
2026-05-12,Intraocular Lens,Malfunction,Topic 2,0
2026-05-12,Intraocular Lens,Malfunction,Topic 2,0
2026-05-12,"Folders And Injectors, Intraocular Lens ",Malfunction,Topic 2,0
2026-05-12,Intraocular Lens,Injury,Topic 4,1
2026-05-12,Intraocular Lens,Malfunction,Topic 2,0
2026-05-12,"Lens, Intraocular, Toric Optics",Malfunction,Topic 2,0
2026-05-12,General Surgery Tray,Malfunction,Topic 8,0
2026-05-12,Intraocular Lens,Malfunction,Topic 2,0
2026-05-12,"Lens, Intraocular, Toric Optics",Malfunction,Topic 2,0
2026-05-12,"Accessories, Soft Lens Products",Injury,Topic 6,1
2026-05-12,General Surgery Tray,Malfunction,Topic 5,0
2026-05-11,General Surgery Tray,Malfunction,Topic 1,0
2026-05-11,General Surgery Tray,Malfunction,Topic 3,0
2026-05-11,"Instrument, Vitreous Aspiration And Cutt",Malfunction,Topic 8,0
2026-05-11,General Surgery Tray,Malfunction,Topic 3,0
2026-05-11,General Surgery Tray,Malfunction,Topic 6,0
2026-05-11,General Surgery Tray,Malfunction,Topic 3,0
2026-05-11,General Surgery Tray,Malfunction,Topic 3,0
2026-05-11,General Surgery Tray,Malfunction,Topic 1,0
2026-05-11,"Suture, Nonabsorbable, Synthetic, Polypr",Malfunction,Topic 8,0
2026-05-11,General Surgery Tray,Malfunction,Topic 3,0
2026-05-11,"Knife, Ophthalmic",Malfunction,Topic 7,0
2026-05-11,"Unit, Phacofragmentation",Malfunction,Topic 6,0
2026-05-11,General Surgery Tray,Malfunction,Topic 1,0
2026-05-11,Intraocular Lens,Malfunction,Topic 2,0
2026-05-11,"Knife, Ophthalmic",Malfunction,Topic 7,0
2026-05-11,"Unit, Phacofragmentation",Malfunction,Topic 7,0
2026-05-11,"Knife, Ophthalmic",Malfunction,Topic 7,0
2026-05-11,"Unit, Phacofragmentation",Malfunction,Topic 6,0
2026-05-11,"Knife, Ophthalmic",Malfunction,Topic 7,0
2026-05-11,"Lens, Intraocular, Toric Optics",Malfunction,Topic 2,0
2026-05-11,"Unit, Phacofragmentation",Malfunction,Topic 7,0
2026-05-11,Intraocular Lens,Malfunction,Topic 2,0
2026-05-11,"Vitrectomy, Instrument Cutter",Malfunction,Topic 1,0
2026-05-11,"Vitrectomy, Instrument Cutter",Malfunction,Topic 1,0
2026-05-11,General Surgery Tray,Malfunction,Topic 3,0
2026-05-11,General Surgery Tray,Malfunction,Topic 3,0
2026-05-11,Extended Depth Of Focus Intraocular Lens,Injury,Topic 4,1
2026-05-11,Intraocular Lens,Malfunction,Topic 2,0
2026-05-11,General Surgery Tray,Malfunction,Topic 5,0
2026-05-11,Intraocular Lens,Malfunction,Topic 2,0
2026-05-11,General Surgery Tray,Malfunction,Topic 8,0
2026-05-11,"Knife, Ophthalmic",Malfunction,Topic 8,0
2026-05-11,"Folders And Injectors, Intraocular Lens ",Malfunction,Topic 2,0
2026-05-11,"Folders And Injectors, Intraocular Lens ",Injury,Topic 2,1
2026-05-11,General Surgery Tray,Malfunction,Topic 8,0
2026-05-11,General Surgery Tray,Malfunction,Topic 8,0
2026-05-11,General Surgery Tray,Malfunction,Topic 1,0
2026-05-11,Intraocular Lens,Malfunction,Topic 2,0
2026-05-11,Intraocular Lens,Malfunction,Topic 2,0
2026-05-11,"Lens, Multifocal Intraocular",Injury,Topic 4,1
2026-05-11,"Unit, Phacofragmentation",Malfunction,Topic 6,0
2026-05-11,Intraocular Lens,Malfunction,Topic 2,0
2026-05-11,"Lens, Intraocular, Toric Optics",Injury,Topic 4,1
2026-05-11,Intraocular Lens,Malfunction,Topic 2,0
2026-05-11,Intraocular Lens,Malfunction,Topic 2,0
2026-05-11,Intraocular Lens,Malfunction,Topic 2,0
2026-05-11,Intraocular Lens,Malfunction,Topic 2,0
2026-05-11,Intraocular Lens,Malfunction,Topic 2,0
2026-05-11,Intraocular Lens,Malfunction,Topic 2,0
2026-05-11,Intraocular Lens,Malfunction,Topic 2,0
2026-05-11,Intraocular Lens,Malfunction,Topic 2,0
2026-05-11,"Lens, Intraocular, Toric Optics",Malfunction,Topic 2,0
2026-05-11,Intraocular Lens,Malfunction,Topic 2,0
2026-05-11,Intraocular Lens,Malfunction,Topic 2,0
2026-05-11,Intraocular Lens,Malfunction,Topic 2,0
2026-05-11,Intraocular Lens,Malfunction,Topic 2,0
2026-05-11,Intraocular Lens,Malfunction,Topic 2,0
2026-05-11,Intraocular Lens,Malfunction,Topic 2,0
2026-05-11,General Surgery Tray,Malfunction,Topic 1,0
2026-05-10,Intraocular Lens,Malfunction,Topic 2,0
2026-05-08,General Surgery Tray,Malfunction,Topic 3,0
2026-05-08,General Surgery Tray,Malfunction,Topic 1,0
2026-05-08,"Aberrometer, Ophthalmic",Injury,Topic 6,1
2026-05-08,General Surgery Tray,Malfunction,Topic 8,0
2026-05-08,General Surgery Tray,Malfunction,Topic 8,0
2026-05-08,General Surgery Tray,Malfunction,Topic 6,0
2026-05-08,General Surgery Tray,Malfunction,Topic 8,0
2026-05-08,"Folders And Injectors, Intraocular Lens ",Malfunction,Topic 2,0
2026-05-08,Intraocular Lens,Malfunction,Topic 4,0
2026-05-08,General Surgery Tray,Malfunction,Topic 3,0
2026-05-08,General Surgery Tray,Malfunction,Topic 8,0
2026-05-08,General Surgery Tray,Malfunction,Topic 1,0
2026-05-08,General Surgery Tray,Malfunction,Topic 8,0
2026-05-08,"Unit, Phacofragmentation",Injury,Topic 6,1
2026-05-08,General Surgery Tray,Malfunction,Topic 6,0
2026-05-08,General Surgery Tray,Malfunction,Topic 8,0
2026-05-08,General Surgery Tray,Malfunction,Topic 8,0
2026-05-08,General Surgery Tray,Malfunction,Topic 8,0
2026-05-08,General Surgery Tray,Malfunction,Topic 8,0
2026-05-08,General Surgery Tray,Malfunction,Topic 8,0
2026-05-08,"Scissors, Ophthalmic",Malfunction,Topic 7,0
2026-05-08,"Knife, Ophthalmic",Malfunction,Topic 7,0
2026-05-08,"Microscope, Operating & Accessories, Ac-",Malfunction,Topic 7,0
2026-05-08,General Surgery Tray,Malfunction,Topic 1,0
2026-05-08,"Unit, Phacofragmentation",Malfunction,Topic 6,0
2026-05-08,General Surgery Tray,Malfunction,Topic 1,0
2026-05-08,Extended Depth Of Focus Intraocular Lens,Injury,Topic 4,1
2026-05-08,General Surgery Tray,Malfunction,Topic 5,0
2026-05-08,"Unit, Phacofragmentation",Malfunction,Topic 6,0
2026-05-08,"Unit, Phacofragmentation",Malfunction,Topic 6,0
2026-05-08,"Unit, Phacofragmentation",Malfunction,Topic 6,0
2026-05-08,Intraocular Lens,Malfunction,Topic 2,0
2026-05-08,Extended Depth Of Focus Intraocular Lens,Injury,Topic 2,1
2026-05-08,"Knife, Ophthalmic",Malfunction,Topic 6,0
2026-05-08,Intraocular Lens,Malfunction,Topic 2,0
2026-05-08,Extended Depth Of Focus Intraocular Lens,Injury,Topic 4,1
2026-05-08,"Knife, Ophthalmic",Malfunction,Topic 7,0
2026-05-08,General Surgery Tray,Malfunction,Topic 1,0
2026-05-08,Intraocular Lens,Injury,Topic 4,1
2026-05-08,"Unit, Phacofragmentation",Malfunction,Topic 6,0
2026-05-08,Intraocular Lens,Malfunction,Topic 2,0
2026-05-08,Intraocular Lens,Malfunction,Topic 2,0
2026-05-08,General Surgery Tray,Malfunction,Topic 3,0
2026-05-08,"Lens, Intraocular, Toric Optics",Malfunction,Topic 2,0
2026-05-08,Intraocular Lens,Malfunction,Topic 2,0
2026-05-08,"Folders And Injectors, Intraocular Lens ",Malfunction,Topic 2,0
2026-05-08,Intraocular Lens,Malfunction,Topic 2,0
2026-05-08,"Lens, Multifocal Intraocular",Injury,Topic 4,1
2026-05-08,"Lens, Multifocal Intraocular",Injury,Topic 4,1
2026-05-08,"Folders And Injectors, Intraocular Lens ",Malfunction,Topic 2,0
2026-05-08,General Surgery Tray,Malfunction,Topic 3,0
2026-05-08,Intraocular Lens,Malfunction,Topic 2,0
2026-05-08,Intraocular Lens,Malfunction,Topic 2,0
2026-05-08,Intraocular Lens,Malfunction,Topic 2,0
2026-05-08,"Lens, Intraocular, Toric Optics",Malfunction,Topic 2,0
2026-05-08,"Lens, Multifocal Intraocular",Injury,Topic 4,1
2026-05-08,"Lens, Intraocular, Toric Optics",Injury,Topic 4,1
2026-05-08,Intraocular Lens,Malfunction,Topic 2,0
2026-05-08,Extended Depth Of Focus Intraocular Lens,Malfunction,Topic 2,0
2026-05-08,"Aberrometer, Ophthalmic",Injury,Topic 4,1
2026-05-08,General Surgery Tray,Malfunction,Topic 5,0
2026-05-08,Intraocular Lens,Malfunction,Topic 2,0
2026-05-08,Intraocular Lens,Malfunction,Topic 2,0
2026-05-08,General Surgery Tray,Malfunction,Topic 3,0
2026-05-08,General Surgery Tray,Malfunction,Topic 6,0
2026-05-08,Intraocular Lens,Malfunction,Topic 2,0
2026-05-08,"Lens, Intraocular, Toric Optics",Injury,Topic 2,1
2026-05-08,"Lens, Intraocular, Toric Optics",Malfunction,Topic 2,0
2026-05-08,"Lens, Multifocal Intraocular",Injury,Topic 4,1
2026-05-08,"Suture, Nonabsorbable, Synthetic, Polypr",Malfunction,Topic 6,0
2026-05-08,"Lens, Intraocular, Toric Optics",Injury,Topic 4,1
2026-05-08,"Cannula, Trocar, Ophthalmic",Malfunction,Topic 1,0
2026-05-08,"Microscope, Surgical",Injury,Topic 6,1
2026-05-08,"Unit, Phacofragmentation",Malfunction,Topic 8,0
2026-05-07,"Instrument, Vitreous Aspiration And Cutt",Malfunction,Topic 3,0
2026-05-07,"Lens, Intraocular, Toric Optics",Malfunction,Topic 2,0
2026-05-07,"Lens, Intraocular, Toric Optics",Malfunction,Topic 2,0
2026-05-07,Intraocular Lens,Malfunction,Topic 2,0
2026-05-07,General Surgery Tray,Malfunction,Topic 6,0
2026-05-07,General Surgery Tray,Malfunction,Topic 6,0
2026-05-07,General Surgery Tray,Malfunction,Topic 3,0
2026-05-07,"Lens, Multifocal Intraocular",Injury,Topic 4,1
2026-05-07,General Surgery Tray,Malfunction,Topic 8,0
2026-05-07,Intraocular Pressure Lowering Implant,Injury,Topic 6,1
2026-05-07,Intraocular Lens,Malfunction,Topic 2,0
2026-05-07,Intraocular Lens,Malfunction,Topic 2,0
2026-05-07,"Lens, Multifocal Intraocular",Injury,Topic 4,1
2026-05-07,"Unit, Phacofragmentation",Malfunction,Topic 7,0
2026-05-07,"Lens, Guide, Intraocular",Malfunction,Topic 2,0
2026-05-07,General Surgery Tray,Malfunction,Topic 5,0
2026-05-07,"Lens, Intraocular, Toric Optics",Injury,Topic 4,1
2026-05-07,"Lens, Multifocal Intraocular",Malfunction,Topic 2,0
2026-05-07,"Lens, Intraocular, Toric Optics",Malfunction,Topic 2,0
2026-05-07,Intraocular Lens,Malfunction,Topic 2,0
2026-05-07,General Surgery Tray,Malfunction,Topic 3,0
2026-05-07,"Unit, Phacofragmentation",Malfunction,Topic 7,0
2026-05-07,General Surgery Tray,Malfunction,Topic 1,0
2026-05-07,General Surgery Tray,Malfunction,Topic 5,0
2026-05-07,General Surgery Tray,Malfunction,Topic 1,0
2026-05-07,"Unit, Phacofragmentation",Malfunction,Topic 7,0
2026-05-07,"Cannula, Trocar, Ophthalmic",Malfunction,Topic 7,0
2026-05-07,"Unit, Phacofragmentation",Malfunction,Topic 7,0
2026-05-07,General Surgery Tray,Malfunction,Topic 1,0
2026-05-07,"Device, Irrigation, Ocular Surgery",Malfunction,Topic 6,0
2026-05-07,General Surgery Tray,Malfunction,Topic 6,0
2026-05-07,General Surgery Tray,Malfunction,Topic 8,0
2026-05-07,General Surgery Tray,Malfunction,Topic 1,0
2026-05-07,"Cannula, Trocar, Ophthalmic",Malfunction,Topic 7,0
2026-05-07,"Unit, Phacofragmentation",Malfunction,Topic 5,0
2026-05-07,"Unit, Phacofragmentation",Injury,Topic 6,1
2026-05-07,General Surgery Tray,Malfunction,Topic 8,0
2026-05-07,General Surgery Tray,Malfunction,Topic 1,0
2026-05-07,General Surgery Tray,Malfunction,Topic 5,0
2026-05-07,Intraocular Lens,Malfunction,Topic 2,0
2026-05-07,"Lens, Intraocular, Toric Optics",Malfunction,Topic 2,0
2026-05-07,Extended Depth Of Focus Intraocular Lens,Malfunction,Topic 4,0
2026-05-07,"Lens, Multifocal Intraocular",Malfunction,Topic 2,0
2026-05-07,"Unit, Phacofragmentation",Malfunction,Topic 7,0
2026-05-07,General Surgery Tray,Malfunction,Topic 6,0
2026-05-07,"Lens, Intraocular, Toric Optics",Malfunction,Topic 2,0
2026-05-07,"Lens, Multifocal Intraocular",Injury,Topic 2,1
2026-05-07,Extended Depth Of Focus Intraocular Lens,Injury,Topic 4,1
2026-05-07,"Lens, Intraocular, Toric Optics",Malfunction,Topic 2,0
2026-05-07,"Aberrometer, Ophthalmic",Malfunction,Topic 6,0
2026-05-07,Intraocular Lens,Malfunction,Topic 2,0
2026-05-07,Extended Depth Of Focus Intraocular Lens,Malfunction,Topic 4,0
2026-05-07,General Surgery Tray,Malfunction,Topic 1,0
2026-05-07,Intraocular Lens,Malfunction,Topic 2,0
2026-05-07,Intraocular Lens,Malfunction,Topic 2,0
2026-05-07,Extended Depth Of Focus Intraocular Lens,Injury,Topic 2,1
2026-05-07,Intraocular Lens,Malfunction,Topic 2,0
2026-05-07,Intraocular Lens,Malfunction,Topic 2,0
2026-05-07,"Lens, Intraocular, Toric Optics",Injury,Topic 4,1
2026-05-07,"Unit, Phacofragmentation",Injury,Topic 6,1
2026-05-07,"Lenses, Soft Contact, Daily Wear",Injury,Topic 8,1
2026-05-07,"Lenses, Soft Contact, Extended Wear",Injury,Topic 8,1
2026-05-07,"Lens, Multifocal Intraocular",Malfunction,Topic 6,0
2026-05-07,Intraocular Lens,Malfunction,Topic 6,0
2026-05-06,"Unit, Phacofragmentation",Malfunction,Topic 7,0
2026-05-06,General Surgery Tray,Malfunction,Topic 3,0
2026-05-06,General Surgery Tray,Malfunction,Topic 8,0
2026-05-06,General Surgery Tray,Malfunction,Topic 6,0
2026-05-06,General Surgery Tray,Malfunction,Topic 3,0
2026-05-06,General Surgery Tray,Malfunction,Topic 1,0
2026-05-06,General Surgery Tray,Malfunction,Topic 1,0
2026-05-06,General Surgery Tray,Malfunction,Topic 5,0
2026-05-06,"Knife, Ophthalmic",Malfunction,Topic 7,0
2026-05-06,Intraocular Lens,Malfunction,Topic 2,0
2026-05-06,"Knife, Ophthalmic",Malfunction,Topic 7,0
2026-05-06,"Knife, Ophthalmic",Malfunction,Topic 7,0
2026-05-06,"Knife, Ophthalmic",Malfunction,Topic 7,0
2026-05-06,"Knife, Ophthalmic",Malfunction,Topic 7,0
2026-05-06,"Knife, Ophthalmic",Malfunction,Topic 7,0
2026-05-06,"Knife, Ophthalmic",Malfunction,Topic 7,0
2026-05-06,"Unit, Phacofragmentation",Malfunction,Topic 7,0
2026-05-06,Intraocular Lens,Malfunction,Topic 2,0
2026-05-06,"Knife, Ophthalmic",Malfunction,Topic 7,0
2026-05-06,"Cannula, Trocar, Ophthalmic",Malfunction,Topic 7,0
2026-05-06,General Surgery Tray,Malfunction,Topic 8,0
2026-05-06,General Surgery Tray,Malfunction,Topic 3,0
2026-05-06,"Unit, Phacofragmentation",Malfunction,Topic 6,0
2026-05-06,"Unit, Phacofragmentation",Injury,Topic 6,1
2026-05-06,"Knife, Ophthalmic",Malfunction,Topic 2,0
2026-05-06,Intraocular Lens,Malfunction,Topic 2,0
2026-05-06,"Unit, Phacofragmentation",Malfunction,Topic 6,0
2026-05-06,"Lens, Intraocular, Toric Optics",Malfunction,Topic 2,0
2026-05-06,"Lens, Guide, Intraocular",Malfunction,Topic 2,0
2026-05-06,"Lens, Multifocal Intraocular",Malfunction,Topic 4,0
2026-05-06,General Surgery Tray,Malfunction,Topic 6,0
2026-05-06,General Surgery Tray,Malfunction,Topic 6,0
2026-05-06,General Surgery Tray,Malfunction,Topic 6,0
2026-05-06,General Surgery Tray,Malfunction,Topic 5,0
2026-05-06,"Instrument, Vitreous Aspiration And Cutt",Malfunction,Topic 6,0
2026-05-06,General Surgery Tray,Malfunction,Topic 3,0
2026-05-06,General Surgery Tray,Malfunction,Topic 6,0
2026-05-06,General Surgery Tray,Malfunction,Topic 2,0
2026-05-06,"Unit, Phacofragmentation",Malfunction,Topic 7,0
2026-05-06,General Surgery Tray,Malfunction,Topic 5,0
2026-05-06,Intraocular Pressure Lowering Implant,Malfunction,Topic 7,0
2026-05-06,General Surgery Tray,Malfunction,Topic 3,0
2026-05-06,Intraocular Lens,Malfunction,Topic 2,0
2026-05-06,General Surgery Tray,Malfunction,Topic 6,0
2026-05-06,General Surgery Tray,Malfunction,Topic 5,0
2026-05-06,"Lens, Intraocular, Toric Optics",Injury,Topic 4,1
2026-05-06,"Lenses, Soft Contact, Extended Wear",Injury,Topic 8,1
2026-05-06,General Surgery Tray,Malfunction,Topic 3,0
2026-05-06,General Surgery Tray,Malfunction,Topic 5,0
2026-05-06,"Folders And Injectors, Intraocular Lens ",Malfunction,Topic 2,0
2026-05-06,"Folders And Injectors, Intraocular Lens ",Malfunction,Topic 2,0
2026-05-06,Intraocular Lens,Malfunction,Topic 2,0
2026-05-05,"Vitrectomy, Instrument Cutter",Malfunction,Topic 1,0
2026-05-05,"Lens, Intraocular, Toric Optics",Malfunction,Topic 2,0
2026-05-05,General Surgery Tray,Malfunction,Topic 3,0
2026-05-05,General Surgery Tray,Malfunction,Topic 5,0
2026-05-05,General Surgery Tray,Malfunction,Topic 1,0
2026-05-05,General Surgery Tray,Malfunction,Topic 1,0
2026-05-05,General Surgery Tray,Malfunction,Topic 3,0
2026-05-05,General Surgery Tray,Malfunction,Topic 6,0
2026-05-05,"Vitrectomy, Instrument Cutter",Malfunction,Topic 8,0
2026-05-05,General Surgery Tray,Malfunction,Topic 3,0
2026-05-05,General Surgery Tray,Malfunction,Topic 5,0
2026-05-05,"Unit, Phacofragmentation",Malfunction,Topic 7,0
2026-05-05,Extended Depth Of Focus Intraocular Lens,Malfunction,Topic 2,0
2026-05-05,Intraocular Lens,Malfunction,Topic 2,0
2026-05-05,General Surgery Tray,Malfunction,Topic 8,0
2026-05-05,General Surgery Tray,Malfunction,Topic 6,0
2026-05-05,"Lens, Multifocal Intraocular",Malfunction,Topic 2,0
2026-05-05,Intraocular Lens,Malfunction,Topic 2,0
2026-05-05,"Accessories, Soft Lens Products",Injury,Topic 6,1
2026-05-05,General Surgery Tray,Malfunction,Topic 3,0
2026-05-05,Intraocular Lens,Malfunction,Topic 2,0
2026-05-05,"Lens, Intraocular, Toric Optics",Injury,Topic 4,1
2026-05-05,General Surgery Tray,Malfunction,Topic 3,0
2026-05-05,"Knife, Ophthalmic",Malfunction,Topic 7,0
2026-05-05,"Unit, Phacofragmentation",Malfunction,Topic 7,0
2026-05-05,"Suture, Nonabsorbable, Synthetic, Polyam",Malfunction,Topic 6,0
2026-05-05,"Knife, Ophthalmic",Malfunction,Topic 6,0
2026-05-05,"Unit, Phacofragmentation",Malfunction,Topic 6,0
2026-05-05,"Lens, Multifocal Intraocular",Injury,Topic 4,1
2026-05-05,Intraocular Lens,Malfunction,Topic 2,0
2026-05-05,"Lens, Intraocular, Toric Optics",Injury,Topic 4,1
2026-05-05,Intraocular Lens,Malfunction,Topic 2,0
2026-05-05,"Accessories, Soft Lens Products",Injury,Topic 6,1
2026-05-05,Intraocular Lens,Malfunction,Topic 2,0
2026-05-05,Intraocular Lens,Malfunction,Topic 2,0
2026-05-05,General Surgery Tray,Malfunction,Topic 6,0
2026-05-05,"Folders And Injectors, Intraocular Lens ",Malfunction,Topic 2,0
2026-05-05,"Unit, Phacofragmentation",Malfunction,Topic 3,0
2026-05-04,General Surgery Tray,Malfunction,Topic 3,0
2026-05-04,General Surgery Tray,Malfunction,Topic 1,0
2026-05-04,General Surgery Tray,Malfunction,Topic 1,0
2026-05-04,General Surgery Tray,Malfunction,Topic 1,0
2026-05-04,General Surgery Tray,Malfunction,Topic 1,0
2026-05-04,General Surgery Tray,Malfunction,Topic 8,0
2026-05-04,General Surgery Tray,Malfunction,Topic 3,0
2026-05-04,General Surgery Tray,Malfunction,Topic 5,0
2026-05-04,General Surgery Tray,Malfunction,Topic 3,0
2026-05-04,Ophthalmic Femtosecond Laser,Injury,Topic 6,1
2026-05-04,General Surgery Tray,Malfunction,Topic 3,0
2026-05-04,"Laser, Ophthalmic",Malfunction,Topic 7,0
2026-05-04,General Surgery Tray,Malfunction,Topic 5,0
2026-05-04,"Unit, Phacofragmentation",Malfunction,Topic 1,0
2026-05-04,General Surgery Tray,Malfunction,Topic 8,0
2026-05-04,General Surgery Tray,Malfunction,Topic 8,0
2026-05-04,Intraocular Lens,Malfunction,Topic 2,0
2026-05-04,"Unit, Phacofragmentation",Malfunction,Topic 7,0
2026-05-04,"Lens, Intraocular, Toric Optics",Malfunction,Topic 2,0
2026-05-04,Intraocular Lens,Malfunction,Topic 2,0
2026-05-04,Intraocular Lens,Malfunction,Topic 2,0
2026-05-04,General Surgery Tray,Malfunction,Topic 1,0
2026-05-04,"Unit, Phacofragmentation",Malfunction,Topic 1,0
2026-05-04,"Cannula, Trocar, Ophthalmic",Malfunction,Topic 1,0
2026-05-04,Intraocular Lens,Malfunction,Topic 2,0
2026-05-04,"Unit, Phacofragmentation",Malfunction,Topic 6,0
2026-05-04,General Surgery Tray,Malfunction,Topic 8,0
2026-05-04,General Surgery Tray,Malfunction,Topic 3,0
2026-05-04,Intraocular Lens,Malfunction,Topic 2,0
2026-05-04,"Lens, Intraocular, Toric Optics",Malfunction,Topic 7,0
2026-05-04,"Lens, Intraocular, Toric Optics",Malfunction,Topic 2,0
2026-05-04,"Lens, Multifocal Intraocular",Malfunction,Topic 2,0
2026-05-04,Intraocular Lens,Injury,Topic 4,1
2026-05-04,Intraocular Lens,Malfunction,Topic 2,0
2026-05-04,"Lens, Intraocular, Toric Optics",Malfunction,Topic 2,0
2026-05-04,"Folders And Injectors, Intraocular Lens ",Malfunction,Topic 2,0
2026-05-04,"Unit, Phacofragmentation",Malfunction,Topic 8,0
2026-05-04,Intraocular Lens,Injury,Topic 4,1
2026-05-04,"Suture, Nonabsorbable, Synthetic, Polypr",Malfunction,Topic 6,0
2026-05-04,Intraocular Lens,Malfunction,Topic 2,0
2026-05-04,General Surgery Tray,Malfunction,Topic 8,0
2026-05-04,Intraocular Lens,Injury,Topic 2,1
2026-05-04,Intraocular Lens,Malfunction,Topic 2,0
2026-05-04,General Surgery Tray,Malfunction,Topic 3,0
2026-05-04,"Folders And Injectors, Intraocular Lens ",Malfunction,Topic 2,0
2026-05-04,General Surgery Tray,Malfunction,Topic 1,0
2026-05-04,Intraocular Lens,Malfunction,Topic 7,0
2026-05-04,General Surgery Tray,Malfunction,Topic 8,0
2026-05-04,General Surgery Tray,Malfunction,Topic 5,0
2026-05-04,"Lens, Intraocular, Toric Optics",Malfunction,Topic 4,0
2026-05-04,Intraocular Lens,Malfunction,Topic 2,0
2026-05-04,General Surgery Tray,Malfunction,Topic 6,0
2026-05-04,"Lens, Intraocular, Toric Optics",Malfunction,Topic 2,0
2026-05-04,"Vitrectomy, Instrument Cutter",Malfunction,Topic 6,0
2026-05-04,Intraocular Lens,Injury,Topic 4,1
2026-05-04,General Surgery Tray,Malfunction,Topic 3,0
2026-05-04,General Surgery Tray,Malfunction,Topic 3,0
2026-05-04,Intraocular Lens,Malfunction,Topic 2,0
2026-05-04,"Instrument, Vitreous Aspiration And Cutt",Malfunction,Topic 3,0
2026-05-04,General Surgery Tray,Malfunction,Topic 3,0
2026-05-04,General Surgery Tray,Malfunction,Topic 3,0
2026-05-03,General Surgery Tray,Malfunction,Topic 5,0
2026-05-03,General Surgery Tray,Malfunction,Topic 1,0
2026-05-03,General Surgery Tray,Malfunction,Topic 8,0
2026-05-03,General Surgery Tray,Malfunction,Topic 5,0
2026-05-03,General Surgery Tray,Malfunction,Topic 3,0
2026-05-03,General Surgery Tray,Malfunction,Topic 8,0
2026-05-03,General Surgery Tray,Malfunction,Topic 5,0
2026-05-03,General Surgery Tray,Malfunction,Topic 5,0
2026-05-01,General Surgery Tray,Malfunction,Topic 8,0
2026-05-01,General Surgery Tray,Malfunction,Topic 5,0
2026-05-01,General Surgery Tray,Malfunction,Topic 6,0
2026-05-01,General Surgery Tray,Malfunction,Topic 3,0
2026-05-01,"Lens, Intraocular, Toric Optics",Malfunction,Topic 2,0
2026-05-01,Extended Depth Of Focus Intraocular Lens,Injury,Topic 2,1
2026-05-01,General Surgery Tray,Malfunction,Topic 1,0
2026-05-01,"Unit, Phacofragmentation",Malfunction,Topic 7,0
2026-05-01,"Lens, Multifocal Intraocular",Malfunction,Topic 2,0
2026-05-01,"Lens, Intraocular, Toric Optics",Injury,Topic 4,1
2026-05-01,Extended Depth Of Focus Intraocular Lens,Malfunction,Topic 2,0
2026-05-01,"Knife, Ophthalmic",Malfunction,Topic 7,0
2026-05-01,General Surgery Tray,Malfunction,Topic 1,0
2026-05-01,"Unit, Phacofragmentation",Malfunction,Topic 6,0
2026-05-01,"Unit, Phacofragmentation",Malfunction,Topic 7,0
2026-05-01,"Lens, Intraocular, Toric Optics",Malfunction,Topic 2,0
2026-05-01,"Lens, Guide, Intraocular",Malfunction,Topic 2,0
2026-05-01,"Aberrometer, Ophthalmic",Injury,Topic 4,1
2026-05-01,Intraocular Lens,Malfunction,Topic 2,0
2026-05-01,Intraocular Pressure Lowering Implant,Malfunction,Topic 7,0
2026-04-30,General Surgery Tray,Malfunction,Topic 8,0
2026-04-30,General Surgery Tray,Malfunction,Topic 1,0
2026-04-30,General Surgery Tray,Malfunction,Topic 1,0
2026-04-30,General Surgery Tray,Malfunction,Topic 1,0
2026-04-30,General Surgery Tray,Malfunction,Topic 1,0
2026-04-30,"Unit, Phacofragmentation",Malfunction,Topic 6,0
2026-04-30,"Instrument, Vitreous Aspiration And Cutt",Malfunction,Topic 5,0
2026-04-30,General Surgery Tray,Malfunction,Topic 5,0
2026-04-30,"Unit, Phacofragmentation",Malfunction,Topic 5,0
2026-04-30,"Unit, Phacofragmentation",Malfunction,Topic 7,0
2026-04-30,"Unit, Phacofragmentation",Malfunction,Topic 6,0
2026-04-30,"Unit, Phacofragmentation",Malfunction,Topic 3,0
2026-04-30,"Unit, Phacofragmentation",Malfunction,Topic 7,0
2026-04-30,"Unit, Phacofragmentation",Malfunction,Topic 6,0
2026-04-30,"Unit, Phacofragmentation",Injury,Topic 6,1
2026-04-30,Intraocular Lens,Malfunction,Topic 2,0
2026-04-30,Intraocular Lens,Malfunction,Topic 2,0
2026-04-30,Intraocular Lens,Malfunction,Topic 2,0
2026-04-30,"Folders And Injectors, Intraocular Lens ",Malfunction,Topic 2,0
2026-04-30,Intraocular Lens,Malfunction,Topic 2,0
2026-04-30,"Cannula, Trocar, Ophthalmic",Malfunction,Topic 8,0
2026-04-30,"Unit, Phacofragmentation",Malfunction,Topic 6,0
2026-04-30,General Surgery Tray,Malfunction,Topic 6,0
2026-04-30,Intraocular Lens,Malfunction,Topic 2,0
2026-04-30,General Surgery Tray,Malfunction,Topic 6,0
2026-04-30,General Surgery Tray,Malfunction,Topic 3,0
2026-04-30,"Tubing, Noninvasive",Malfunction,Topic 8,0
2026-04-30,General Surgery Tray,Malfunction,Topic 6,0
2026-04-30,"Unit, Phacofragmentation",Malfunction,Topic 7,0
2026-04-30,"Unit, Phacofragmentation",Malfunction,Topic 1,0
2026-04-30,"Unit, Phacofragmentation",Malfunction,Topic 1,0
2026-04-30,General Surgery Tray,Malfunction,Topic 6,0
2026-04-30,General Surgery Tray,Malfunction,Topic 6,0
2026-04-30,Intraocular Lens,Malfunction,Topic 2,0
2026-04-30,"Lens, Contact, (Disposable)",Injury,Topic 6,1
2026-04-30,Intraocular Lens,Malfunction,Topic 2,0
2026-04-30,"Lens, Intraocular, Toric Optics",Injury,Topic 2,1
2026-04-30,"Unit, Phacofragmentation",Malfunction,Topic 4,0
2026-04-30,"Lens, Intraocular, Toric Optics",Malfunction,Topic 4,0
2026-04-30,"Lens, Guide, Intraocular",Malfunction,Topic 2,0
2026-04-30,"Lens, Multifocal Intraocular",Injury,Topic 4,1
2026-04-30,"Folders And Injectors, Intraocular Lens ",Malfunction,Topic 2,0
2026-04-30,"Lens, Intraocular, Toric Optics",Injury,Topic 4,1
2026-04-30,Intraocular Lens,Injury,Topic 4,1
2026-04-30,"Unit, Phacofragmentation",Malfunction,Topic 3,0
2026-04-30,"Lens, Guide, Intraocular",Injury,Topic 2,1
2026-04-30,Intraocular Lens,Malfunction,Topic 2,0
2026-04-30,"Unit, Phacofragmentation",Malfunction,Topic 6,0
2026-04-30,"Lens, Intraocular, Toric Optics",Malfunction,Topic 2,0
2026-04-30,"Lens, Intraocular, Toric Optics",Malfunction,Topic 4,0
2026-04-30,"Lens, Multifocal Intraocular",Malfunction,Topic 2,0
2026-04-30,"Instrument, Vitreous Aspiration And Cutt",Malfunction,Topic 7,0
2026-04-30,Intraocular Lens,Malfunction,Topic 2,0
2026-04-30,Intraocular Lens,Malfunction,Topic 2,0
2026-04-30,Extended Depth Of Focus Intraocular Lens,Malfunction,Topic 2,0
2026-04-30,"Lens, Multifocal Intraocular",Injury,Topic 2,1
2026-04-30,Intraocular Lens,Malfunction,Topic 2,0
2026-04-30,"Lens, Intraocular, Toric Optics",Malfunction,Topic 2,0
2026-04-30,"Unit, Phacofragmentation",Malfunction,Topic 6,0
2026-04-30,Intraocular Lens,Malfunction,Topic 2,0
2026-04-30,Intraocular Lens,Malfunction,Topic 8,0
2026-04-30,"Lens, Multifocal Intraocular",Injury,Topic 4,1
2026-04-30,Intraocular Lens,Injury,Topic 4,1
2026-04-30,"Unit, Phacofragmentation",Malfunction,Topic 7,0
2026-04-30,"Lens, Intraocular, Toric Optics",Injury,Topic 4,1
2026-04-30,"Lenses, Soft Contact, Daily Wear",Injury,Topic 6,1
2026-04-30,"Lens, Intraocular, Toric Optics",Malfunction,Topic 2,0
2026-04-30,Intraocular Lens,Malfunction,Topic 2,0
2026-04-30,Intraocular Lens,Malfunction,Topic 2,0
2026-04-30,General Surgery Tray,Malfunction,Topic 5,0
2026-04-29,General Surgery Tray,Malfunction,Topic 1,0
2026-04-29,General Surgery Tray,Malfunction,Topic 8,0
2026-04-29,General Surgery Tray,Malfunction,Topic 8,0
2026-04-29,General Surgery Tray,Malfunction,Topic 5,0
2026-04-29,"Unit, Phacofragmentation",Malfunction,Topic 6,0
2026-04-29,"Instrument, Vitreous Aspiration And Cutt",Malfunction,Topic 6,0
2026-04-29,"Unit, Phacofragmentation",Malfunction,Topic 6,0
2026-04-29,"Instrument, Vitreous Aspiration And Cutt",Malfunction,Topic 1,0
2026-04-29,General Surgery Tray,Malfunction,Topic 1,0
2026-04-29,Intraocular Lens,Injury,Topic 4,1
2026-04-29,"Vitrectomy, Instrument Cutter",Malfunction,Topic 5,0
2026-04-29,General Surgery Tray,Malfunction,Topic 3,0
2026-04-29,"Lens, Intraocular, Toric Optics",Injury,Topic 2,1
2026-04-29,General Surgery Tray,Malfunction,Topic 1,0
2026-04-29,"Unit, Phacofragmentation",Malfunction,Topic 6,0
2026-04-29,General Surgery Tray,Malfunction,Topic 6,0
2026-04-29,General Surgery Tray,Malfunction,Topic 8,0
2026-04-29,General Surgery Tray,Malfunction,Topic 8,0
2026-04-29,"Lens, Multifocal Intraocular",Malfunction,Topic 4,0
2026-04-29,General Surgery Tray,Malfunction,Topic 3,0
2026-04-29,"Lens, Intraocular, Toric Optics",Injury,Topic 4,1
2026-04-29,"Lens, Intraocular, Toric Optics",Malfunction,Topic 2,0
2026-04-29,General Surgery Tray,Malfunction,Topic 8,0
2026-04-29,"Lens, Intraocular, Toric Optics",Injury,Topic 4,1
2026-04-29,General Surgery Tray,Malfunction,Topic 5,0
2026-04-29,"Unit, Phacofragmentation",Malfunction,Topic 7,0
2026-04-29,Intraocular Lens,Malfunction,Topic 2,0
2026-04-29,"Lens, Intraocular, Toric Optics",Malfunction,Topic 6,0
2026-04-29,"Lens, Intraocular, Toric Optics",Injury,Topic 4,1
2026-04-29,General Surgery Tray,Malfunction,Topic 5,0
2026-04-29,"Suture, Nonabsorbable, Synthetic, Polyam",Malfunction,Topic 7,0
2026-04-29,"Lens, Intraocular, Toric Optics",Injury,Topic 4,1
2026-04-29,"Lens, Intraocular, Toric Optics",Malfunction,Topic 2,0
2026-04-29,Intraocular Lens,Malfunction,Topic 2,0
2026-04-29,General Surgery Tray,Malfunction,Topic 3,0
2026-04-29,General Surgery Tray,Malfunction,Topic 8,0
2026-04-29,General Surgery Tray,Malfunction,Topic 8,0
2026-04-29,General Surgery Tray,Malfunction,Topic 5,0
2026-04-29,"Unit, Phacofragmentation",Malfunction,Topic 7,0
2026-04-29,"Knife, Ophthalmic",Malfunction,Topic 7,0
2026-04-29,General Surgery Tray,Malfunction,Topic 8,0
2026-04-29,General Surgery Tray,Malfunction,Topic 1,0
2026-04-29,"Accessories, Soft Lens Products",Injury,Topic 7,1
2026-04-29,"Lens, Intraocular, Toric Optics",Injury,Topic 4,1
2026-04-29,"Lens, Intraocular, Toric Optics",Malfunction,Topic 2,0
2026-04-29,"Lens, Intraocular, Toric Optics",Malfunction,Topic 7,0
2026-04-29,General Surgery Tray,Malfunction,Topic 8,0
2026-04-29,"Accessories, Soft Lens Products",Injury,Topic 6,1
2026-04-29,"Lens, Intraocular, Toric Optics",Malfunction,Topic 4,0
2026-04-29,"Lens, Intraocular, Toric Optics",Malfunction,Topic 6,0
2026-04-29,"Lens, Intraocular, Toric Optics",Malfunction,Topic 6,0
2026-04-29,"Lens, Intraocular, Toric Optics",Malfunction,Topic 2,0
2026-04-29,General Surgery Tray,Malfunction,Topic 1,0
2026-04-29,General Surgery Tray,Malfunction,Topic 1,0
2026-04-29,General Surgery Tray,Malfunction,Topic 1,0
2026-04-29,General Surgery Tray,Malfunction,Topic 6,0
2026-04-29,"Instrument, Vitreous Aspiration And Cutt",Malfunction,Topic 1,0
2026-04-29,General Surgery Tray,Malfunction,Topic 3,0
2026-04-29,General Surgery Tray,Malfunction,Topic 3,0
2026-04-29,General Surgery Tray,Malfunction,Topic 5,0
2026-04-29,General Surgery Tray,Malfunction,Topic 8,0
2026-04-29,"Lens, Multifocal Intraocular",Malfunction,Topic 2,0
2026-04-29,"Lens, Intraocular, Toric Optics",Malfunction,Topic 2,0
2026-04-29,Ophthalmic Femtosecond Laser,Injury,Topic 6,1
2026-04-28,General Surgery Tray,Malfunction,Topic 8,0
2026-04-28,General Surgery Tray,Malfunction,Topic 3,0
2026-04-28,"Instrument, Vitreous Aspiration And Cutt",Malfunction,Topic 3,0
2026-04-28,General Surgery Tray,Malfunction,Topic 8,0
2026-04-28,General Surgery Tray,Malfunction,Topic 5,0
2026-04-28,General Surgery Tray,Malfunction,Topic 6,0
2026-04-28,General Surgery Tray,Malfunction,Topic 6,0
2026-04-28,"Lens, Intraocular, Toric Optics",Malfunction,Topic 2,0
2026-04-28,General Surgery Tray,Malfunction,Topic 3,0
2026-04-28,General Surgery Tray,Malfunction,Topic 6,0
2026-04-28,General Surgery Tray,Malfunction,Topic 3,0
2026-04-28,"Unit, Phacofragmentation",Malfunction,Topic 5,0
2026-04-28,General Surgery Tray,Malfunction,Topic 6,0
2026-04-28,General Surgery Tray,Malfunction,Topic 1,0
2026-04-28,General Surgery Tray,Malfunction,Topic 6,0
2026-04-28,General Surgery Tray,Malfunction,Topic 3,0
2026-04-28,General Surgery Tray,Malfunction,Topic 6,0
2026-04-28,General Surgery Tray,Malfunction,Topic 5,0
2026-04-28,General Surgery Tray,Malfunction,Topic 6,0
2026-04-28,"Lens, Intraocular, Toric Optics",Malfunction,Topic 2,0
2026-04-28,Extended Depth Of Focus Intraocular Lens,Malfunction,Topic 2,0
2026-04-28,Intraocular Lens,Malfunction,Topic 2,0
2026-04-28,"Unit, Phacofragmentation",Malfunction,Topic 7,0
2026-04-28,General Surgery Tray,Malfunction,Topic 6,0
2026-04-28,Intraocular Lens,Malfunction,Topic 2,0
2026-04-28,"Lens, Guide, Intraocular",Malfunction,Topic 2,0
2026-04-28,Intraocular Lens,Malfunction,Topic 2,0
2026-04-28,Intraocular Lens,Malfunction,Topic 2,0
2026-04-28,"Lens, Intraocular, Toric Optics",Malfunction,Topic 2,0
2026-04-28,General Surgery Tray,Malfunction,Topic 6,0
2026-04-28,Intraocular Lens,Malfunction,Topic 2,0
2026-04-28,Intraocular Lens,Malfunction,Topic 2,0
2026-04-28,Intraocular Lens,Malfunction,Topic 2,0
2026-04-28,"Lens, Intraocular, Toric Optics",Malfunction,Topic 2,0
2026-04-28,"Folders And Injectors, Intraocular Lens ",Malfunction,Topic 2,0
2026-04-28,"Lens, Multifocal Intraocular",Injury,Topic 4,1
2026-04-28,"Lens, Multifocal Intraocular",Malfunction,Topic 2,0
2026-04-28,Intraocular Lens,Injury,Topic 2,1
2026-04-28,General Surgery Tray,Malfunction,Topic 3,0
2026-04-27,General Surgery Tray,Malfunction,Topic 8,0
2026-04-27,General Surgery Tray,Malfunction,Topic 8,0
2026-04-27,General Surgery Tray,Malfunction,Topic 3,0
2026-04-27,"Lens, Intraocular, Toric Optics",Malfunction,Topic 2,0
2026-04-27,General Surgery Tray,Malfunction,Topic 8,0
2026-04-27,General Surgery Tray,Malfunction,Topic 5,0
2026-04-27,"Implant, Eye Valve",Malfunction,Topic 8,0
2026-04-27,Intraocular Lens,Malfunction,Topic 2,0
2026-04-27,"Lens, Intraocular, Toric Optics",Malfunction,Topic 2,0
2026-04-27,"Unit, Phacofragmentation",Malfunction,Topic 6,0
2026-04-27,Intraocular Lens,Malfunction,Topic 2,0
2026-04-27,"Unit, Phacofragmentation",Malfunction,Topic 6,0
2026-04-27,Intraocular Lens,Malfunction,Topic 2,0
2026-04-27,"Folders And Injectors, Intraocular Lens ",Injury,Topic 2,1
2026-04-27,Intraocular Lens,Malfunction,Topic 2,0
2026-04-27,"Folders And Injectors, Intraocular Lens ",Injury,Topic 2,1
2026-04-27,Intraocular Lens,Malfunction,Topic 2,0
2026-04-27,"Lens, Intraocular, Toric Optics",Malfunction,Topic 2,0
2026-04-27,"Scissors, Ophthalmic",Malfunction,Topic 6,0
2026-04-27,Intraocular Lens,Injury,Topic 4,1
2026-04-27,Intraocular Lens,Malfunction,Topic 2,0
2026-04-27,Intraocular Lens,Malfunction,Topic 2,0
2026-04-27,"Lens, Intraocular, Toric Optics",Injury,Topic 4,1
2026-04-27,General Surgery Tray,Malfunction,Topic 1,0
2026-04-27,"Unit, Phacofragmentation",Malfunction,Topic 6,0
2026-04-27,"Unit, Phacofragmentation",Malfunction,Topic 7,0
2026-04-27,"Lens, Intraocular, Toric Optics",Malfunction,Topic 2,0
2026-04-27,General Surgery Tray,Malfunction,Topic 6,0
2026-04-27,"Forceps, Ophthalmic",Malfunction,Topic 1,0
2026-04-27,"Instrument, Vitreous Aspiration And Cutt",Malfunction,Topic 5,0
2026-04-27,"Lens, Intraocular, Toric Optics",Malfunction,Topic 2,0
2026-04-27,"Unit, Phacofragmentation",Malfunction,Topic 6,0
2026-04-27,Intraocular Lens,Malfunction,Topic 8,0
2026-04-27,"Lens, Guide, Intraocular",Malfunction,Topic 2,0
2026-04-27,Intraocular Lens,Malfunction,Topic 2,0
2026-04-27,General Surgery Tray,Malfunction,Topic 1,0
2026-04-27,"Lens, Multifocal Intraocular",Malfunction,Topic 2,0
2026-04-27,"Lens, Intraocular, Toric Optics",Injury,Topic 4,1
2026-04-27,Intraocular Lens,Malfunction,Topic 2,0
2026-04-27,Intraocular Lens,Malfunction,Topic 2,0
2026-04-27,Intraocular Lens,Malfunction,Topic 2,0
2026-04-27,"Lens, Intraocular, Toric Optics",Malfunction,Topic 2,0
2026-04-25,General Surgery Tray,Injury,Topic 6,1
2026-04-25,General Surgery Tray,Malfunction,Topic 8,0
2026-04-25,General Surgery Tray,Malfunction,Topic 3,0
2026-04-25,"Lens, Intraocular, Toric Optics",Malfunction,Topic 2,0
2026-04-24,Extended Depth Of Focus Intraocular Lens,Malfunction,Topic 2,0
2026-04-24,General Surgery Tray,Malfunction,Topic 3,0
2026-04-24,General Surgery Tray,Malfunction,Topic 1,0
2026-04-24,"Knife, Ophthalmic",Malfunction,Topic 7,0
2026-04-24,"Knife, Ophthalmic",Malfunction,Topic 7,0
2026-04-24,General Surgery Tray,Malfunction,Topic 5,0
2026-04-24,General Surgery Tray,Malfunction,Topic 5,0
2026-04-24,General Surgery Tray,Malfunction,Topic 5,0
2026-04-24,General Surgery Tray,Malfunction,Topic 8,0
2026-04-24,"Unit, Phacofragmentation",Malfunction,Topic 5,0
2026-04-24,Intraocular Lens,Malfunction,Topic 2,0
2026-04-24,Intraocular Lens,Malfunction,Topic 2,0
2026-04-24,"Lens, Intraocular, Toric Optics",Malfunction,Topic 2,0
2026-04-24,General Surgery Tray,Malfunction,Topic 8,0
2026-04-24,Intraocular Lens,Malfunction,Topic 2,0
2026-04-24,Intraocular Lens,Malfunction,Topic 2,0
2026-04-24,General Surgery Tray,Malfunction,Topic 8,0
2026-04-24,General Surgery Tray,Malfunction,Topic 5,0
2026-04-24,Intraocular Lens,Malfunction,Topic 2,0
2026-04-24,Intraocular Lens,Malfunction,Topic 2,0
2026-04-24,"Folders And Injectors, Intraocular Lens ",Malfunction,Topic 2,0
2026-04-24,"Lens, Intraocular, Toric Optics",Injury,Topic 4,1
2026-04-24,"Lens, Intraocular, Toric Optics",Malfunction,Topic 2,0
2026-04-24,Intraocular Lens,Malfunction,Topic 2,0
2026-04-24,Intraocular Lens,Malfunction,Topic 2,0
2026-04-24,Intraocular Lens,Malfunction,Topic 7,0
2026-04-24,"Lens, Intraocular, Toric Optics",Malfunction,Topic 2,0
2026-04-24,Intraocular Lens,Malfunction,Topic 2,0
2026-04-24,"Unit, Phacofragmentation",Malfunction,Topic 6,0
2026-04-24,"Unit, Phacofragmentation",Malfunction,Topic 6,0
2026-04-24,"Unit, Phacofragmentation",Malfunction,Topic 6,0
2026-04-24,"Spatula, Ophthalmic",Malfunction,Topic 8,0
2026-04-24,"Cannula, Ophthalmic",Malfunction,Topic 6,0
2026-04-24,Intraocular Lens,Injury,Topic 4,1
2026-04-24,"Unit, Phacofragmentation",Malfunction,Topic 3,0
2026-04-24,"Unit, Phacofragmentation",Malfunction,Topic 5,0
2026-04-24,Intraocular Lens,Injury,Topic 4,1
2026-04-24,"Unit, Phacofragmentation",Malfunction,Topic 5,0
2026-04-24,Intraocular Lens,Injury,Topic 4,1
2026-04-24,Intraocular Lens,Malfunction,Topic 2,0
2026-04-24,"Lens, Intraocular, Toric Optics",Malfunction,Topic 2,0
2026-04-24,General Surgery Tray,Malfunction,Topic 3,0
2026-04-24,Intraocular Lens,Malfunction,Topic 2,0
2026-04-24,General Surgery Tray,Malfunction,Topic 6,0
2026-04-24,Intraocular Lens,Malfunction,Topic 8,0
2026-04-24,"Lens, Intraocular, Toric Optics",Injury,Topic 4,1
2026-04-24,Intraocular Lens,Malfunction,Topic 2,0
2026-04-24,Intraocular Lens,Injury,Topic 4,1
2026-04-24,General Surgery Tray,Malfunction,Topic 6,0
2026-04-24,General Surgery Tray,Malfunction,Topic 8,0
2026-04-24,General Surgery Tray,Malfunction,Topic 5,0
2026-04-24,General Surgery Tray,Malfunction,Topic 3,0
2026-04-24,"Vitrectomy, Instrument Cutter",Malfunction,Topic 8,0
2026-04-24,"Unit, Phacofragmentation",Malfunction,Topic 6,0
2026-04-24,General Surgery Tray,Malfunction,Topic 5,0
2026-04-24,"Lens, Guide, Intraocular",Malfunction,Topic 2,0
2026-04-24,Ophthalmic Femtosecond Laser,Malfunction,Topic 6,0
2026-04-24,General Surgery Tray,Malfunction,Topic 8,0
2026-04-24,"Lens, Intraocular, Toric Optics",Injury,Topic 2,1
2026-04-24,Intraocular Lens,Malfunction,Topic 2,0
2026-04-24,Intraocular Lens,Malfunction,Topic 2,0
2026-04-24,"Lens, Intraocular, Toric Optics",Injury,Topic 4,1
2026-04-24,"Lens, Intraocular, Toric Optics",Injury,Topic 4,1
2026-04-24,"Lens, Intraocular, Toric Optics",Injury,Topic 4,1
2026-04-24,Intraocular Lens,Malfunction,Topic 2,0
2026-04-24,Intraocular Lens,Malfunction,Topic 2,0
2026-04-24,"Lens, Multifocal Intraocular",Malfunction,Topic 2,0
2026-04-24,Intraocular Lens,Malfunction,Topic 2,0
2026-04-24,"Unit, Phacofragmentation",Malfunction,Topic 6,0
2026-04-24,Intraocular Lens,Malfunction,Topic 2,0
2026-04-24,"Folders And Injectors, Intraocular Lens ",Malfunction,Topic 2,0
2026-04-24,Intraocular Lens,Malfunction,Topic 2,0
2026-04-24,Intraocular Lens,Malfunction,Topic 2,0
2026-04-24,Intraocular Lens,Injury,Topic 4,1
2026-04-24,"Folders And Injectors, Intraocular Lens ",Malfunction,Topic 2,0
2026-04-24,Intraocular Lens,Injury,Topic 4,1
2026-04-24,Intraocular Lens,Malfunction,Topic 2,0
2026-04-24,Intraocular Lens,Injury,Topic 6,1
2026-04-24,Extended Depth Of Focus Intraocular Lens,Malfunction,Topic 2,0
2026-04-24,"Folders And Injectors, Intraocular Lens ",Malfunction,Topic 2,0
2026-04-24,General Surgery Tray,Malfunction,Topic 6,0
2026-04-24,"Lens, Guide, Intraocular",Malfunction,Topic 2,0
2026-04-24,Intraocular Lens,Injury,Topic 4,1
2026-04-24,"Folders And Injectors, Intraocular Lens ",Malfunction,Topic 2,0
2026-04-24,Extended Depth Of Focus Intraocular Lens,Malfunction,Topic 2,0
2026-04-24,Intraocular Lens,Injury,Topic 4,1
2026-04-24,"Lens, Intraocular, Toric Optics",Malfunction,Topic 2,0
2026-04-24,"Lens, Multifocal Intraocular",Malfunction,Topic 2,0
2026-04-24,"Unit, Phacofragmentation",Malfunction,Topic 6,0
2026-04-24,"Suture, Nonabsorbable, Synthetic, Polyam",Malfunction,Topic 6,0
2026-04-24,Intraocular Lens,Malfunction,Topic 2,0
2026-04-24,"Cannula, Trocar, Ophthalmic",Malfunction,Topic 7,0
2026-04-24,"Unit, Phacofragmentation",Malfunction,Topic 5,0
2026-04-24,"Lens, Intraocular, Toric Optics",Malfunction,Topic 2,0
2026-04-24,"Tubing, Noninvasive",Malfunction,Topic 5,0
2026-04-24,Extended Depth Of Focus Intraocular Lens,Malfunction,Topic 2,0
2026-04-24,Intraocular Lens,Malfunction,Topic 2,0
2026-04-24,"Unit, Phacofragmentation",Malfunction,Topic 7,0
2026-04-24,"Lens, Multifocal Intraocular",Injury,Topic 4,1
2026-04-24,"Folders And Injectors, Intraocular Lens ",Malfunction,Topic 2,0
2026-04-24,"Folders And Injectors, Intraocular Lens ",Malfunction,Topic 2,0
2026-04-24,"Folders And Injectors, Intraocular Lens ",Malfunction,Topic 2,0
2026-04-24,Intraocular Lens,Malfunction,Topic 2,0
2026-04-24,"Lens, Intraocular, Toric Optics",Malfunction,Topic 2,0
2026-04-24,Intraocular Lens,Malfunction,Topic 2,0
2026-04-24,Intraocular Lens,Malfunction,Topic 2,0
2026-04-24,"Lens, Guide, Intraocular",Malfunction,Topic 2,0
2026-04-23,General Surgery Tray,Malfunction,Topic 5,0
2026-04-23,General Surgery Tray,Malfunction,Topic 6,0
2026-04-23,"Lens, Multifocal Intraocular",Malfunction,Topic 2,0
2026-04-23,Intraocular Lens,Malfunction,Topic 6,0
2026-04-23,General Surgery Tray,Malfunction,Topic 1,0
2026-04-23,"Vitrectomy, Instrument Cutter",Malfunction,Topic 1,0
2026-04-23,General Surgery Tray,Malfunction,Topic 8,0
2026-04-23,General Surgery Tray,Malfunction,Topic 3,0
2026-04-23,"Lens, Intraocular, Toric Optics",Malfunction,Topic 2,0
2026-04-23,"Lens, Multifocal Intraocular",Injury,Topic 4,1
2026-04-23,"Folders And Injectors, Intraocular Lens ",Malfunction,Topic 2,0
2026-04-23,"Unit, Phacofragmentation",Malfunction,Topic 6,0
2026-04-23,"Unit, Phacofragmentation",Malfunction,Topic 6,0
2026-04-23,"Unit, Phacofragmentation",Malfunction,Topic 6,0
2026-04-23,"Vitrectomy, Instrument Cutter",Malfunction,Topic 5,0
2026-04-23,"Unit, Phacofragmentation",Malfunction,Topic 6,0
2026-04-23,General Surgery Tray,Malfunction,Topic 3,0
2026-04-23,Extended Depth Of Focus Intraocular Lens,Injury,Topic 4,1
2026-04-23,Intraocular Lens,Injury,Topic 2,1
2026-04-23,General Surgery Tray,Malfunction,Topic 3,0
2026-04-23,"Vitrectomy, Instrument Cutter",Malfunction,Topic 1,0
2026-04-23,"Instrument, Vitreous Aspiration And Cutt",Malfunction,Topic 1,0
2026-04-23,General Surgery Tray,Malfunction,Topic 3,0
2026-04-23,"Suture, Nonabsorbable, Synthetic, Polyam",Malfunction,Topic 7,0
2026-04-23,General Surgery Tray,Malfunction,Topic 6,0
2026-04-23,"Unit, Phacofragmentation",Malfunction,Topic 3,0
2026-04-23,General Surgery Tray,Malfunction,Topic 5,0
2026-04-23,General Surgery Tray,Malfunction,Topic 8,0
2026-04-23,"Lens, Guide, Intraocular",Malfunction,Topic 2,0
2026-04-23,Intraocular Lens,Malfunction,Topic 2,0
2026-04-23,"Knife, Ophthalmic",Malfunction,Topic 6,0
2026-04-23,"Lens, Intraocular, Toric Optics",Malfunction,Topic 2,0
2026-04-23,"Knife, Ophthalmic",Malfunction,Topic 6,0
2026-04-23,General Surgery Tray,Malfunction,Topic 5,0
2026-04-23,"Lens, Intraocular, Toric Optics",Injury,Topic 4,1
2026-04-23,"Lens, Intraocular, Toric Optics",Injury,Topic 4,1
2026-04-23,Intraocular Lens,Malfunction,Topic 2,0
2026-04-23,"Lens, Guide, Intraocular",Malfunction,Topic 2,0
2026-04-23,"Unit, Phacofragmentation",Malfunction,Topic 7,0
2026-04-23,"Unit, Phacofragmentation",Malfunction,Topic 6,0
2026-04-23,General Surgery Tray,Malfunction,Topic 8,0
2026-04-23,"Vitrectomy, Instrument Cutter",Malfunction,Topic 8,0
2026-04-23,Intraocular Lens,Malfunction,Topic 2,0
2026-04-23,"Lens, Intraocular, Toric Optics",Malfunction,Topic 2,0
2026-04-23,General Surgery Tray,Malfunction,Topic 1,0
2026-04-23,General Surgery Tray,Malfunction,Topic 3,0
2026-04-23,General Surgery Tray,Malfunction,Topic 5,0
2026-04-23,"Unit, Phacofragmentation",Malfunction,Topic 7,0
2026-04-23,"Cannula, Trocar, Ophthalmic",Malfunction,Topic 7,0
2026-04-23,Intraocular Lens,Malfunction,Topic 2,0
2026-04-23,Intraocular Lens,Malfunction,Topic 2,0
2026-04-23,Intraocular Lens,Injury,Topic 4,1
2026-04-22,"Unit, Phacofragmentation",Malfunction,Topic 6,0
2026-04-22,General Surgery Tray,Malfunction,Topic 3,0
2026-04-22,General Surgery Tray,Malfunction,Topic 1,0
2026-04-22,General Surgery Tray,Malfunction,Topic 8,0
2026-04-22,General Surgery Tray,Malfunction,Topic 5,0
2026-04-22,"Unit, Phacofragmentation",Malfunction,Topic 7,0
2026-04-22,"Unit, Phacofragmentation",Malfunction,Topic 6,0
2026-04-22,General Surgery Tray,Malfunction,Topic 1,0
2026-04-22,General Surgery Tray,Malfunction,Topic 8,0
2026-04-22,"Accessories, Soft Lens Products",Injury,Topic 6,1
2026-04-22,"Unit, Phacofragmentation",Malfunction,Topic 3,0
2026-04-22,General Surgery Tray,Malfunction,Topic 6,0
2026-04-22,"Unit, Phacofragmentation",Malfunction,Topic 6,0
2026-04-22,Ophthalmic Femtosecond Laser,Injury,Topic 6,1
2026-04-22,"Lens, Intraocular, Toric Optics",Injury,Topic 4,1
2026-04-22,General Surgery Tray,Malfunction,Topic 3,0
2026-04-22,General Surgery Tray,Malfunction,Topic 6,0
2026-04-22,General Surgery Tray,Malfunction,Topic 8,0
2026-04-22,"Cannula, Ophthalmic",Malfunction,Topic 6,0
2026-04-22,"Suture, Nonabsorbable, Synthetic, Polyam",Malfunction,Topic 8,0
2026-04-22,General Surgery Tray,Malfunction,Topic 8,0
2026-04-22,General Surgery Tray,Malfunction,Topic 8,0
2026-04-22,General Surgery Tray,Malfunction,Topic 3,0
2026-04-22,General Surgery Tray,Malfunction,Topic 3,0
2026-04-22,"Suture, Nonabsorbable, Synthetic, Polyam",Malfunction,Topic 8,0
2026-04-22,"Unit, Phacofragmentation",Malfunction,Topic 6,0
2026-04-22,General Surgery Tray,Malfunction,Topic 3,0
2026-04-22,"Unit, Phacofragmentation",Malfunction,Topic 6,0
2026-04-22,"Forceps, Ophthalmic",Malfunction,Topic 7,0
2026-04-22,"Lens, Intraocular, Toric Optics",Malfunction,Topic 2,0
2026-04-22,"Vitrectomy, Instrument Cutter",Malfunction,Topic 1,0
2026-04-22,"Knife, Ophthalmic",Malfunction,Topic 7,0
2026-04-22,"Instrument, Vitreous Aspiration And Cutt",Malfunction,Topic 6,0
2026-04-22,General Surgery Tray,Malfunction,Topic 6,0
2026-04-22,"Forceps, Ophthalmic",Malfunction,Topic 7,0
2026-04-22,General Surgery Tray,Malfunction,Topic 8,0
2026-04-22,Intraocular Lens,Malfunction,Topic 2,0
2026-04-22,"Lens, Intraocular, Toric Optics",Malfunction,Topic 2,0
2026-04-22,Intraocular Lens,Malfunction,Topic 2,0
2026-04-22,"Instrument, Vitreous Aspiration And Cutt",Malfunction,Topic 7,0
2026-04-22,General Surgery Tray,Malfunction,Topic 5,0
2026-04-22,"Unit, Phacofragmentation",Malfunction,Topic 6,0
2026-04-22,Ophthalmic Femtosecond Laser,Injury,Topic 6,1
2026-04-22,"Lens, Multifocal Intraocular",Injury,Topic 4,1
2026-04-22,"Lens, Intraocular, Toric Optics",Injury,Topic 4,1
2026-04-22,"Folders And Injectors, Intraocular Lens ",Malfunction,Topic 2,0
2026-04-22,Intraocular Lens,Malfunction,Topic 2,0
2026-04-22,"Lens, Guide, Intraocular",Malfunction,Topic 2,0
2026-04-22,Intraocular Lens,Malfunction,Topic 2,0
2026-04-22,"Lens, Intraocular, Toric Optics",Malfunction,Topic 2,0
2026-04-22,General Surgery Tray,Malfunction,Topic 6,0
2026-04-21,"Unit, Phacofragmentation",Malfunction,Topic 6,0
2026-04-21,General Surgery Tray,Malfunction,Topic 1,0
2026-04-21,General Surgery Tray,Malfunction,Topic 1,0
2026-04-21,General Surgery Tray,Malfunction,Topic 6,0
2026-04-21,General Surgery Tray,Malfunction,Topic 8,0
2026-04-21,General Surgery Tray,Malfunction,Topic 3,0
2026-04-21,General Surgery Tray,Malfunction,Topic 8,0
2026-04-21,General Surgery Tray,Malfunction,Topic 8,0
2026-04-21,General Surgery Tray,Malfunction,Topic 3,0
2026-04-21,General Surgery Tray,Malfunction,Topic 1,0
2026-04-21,General Surgery Tray,Malfunction,Topic 3,0
2026-04-21,General Surgery Tray,Malfunction,Topic 1,0
2026-04-21,General Surgery Tray,Malfunction,Topic 8,0
2026-04-21,General Surgery Tray,Malfunction,Topic 3,0
2026-04-21,General Surgery Tray,Malfunction,Topic 5,0
2026-04-21,General Surgery Tray,Malfunction,Topic 3,0
2026-04-21,General Surgery Tray,Injury,Topic 6,1
2026-04-21,General Surgery Tray,Injury,Topic 6,1
2026-04-21,General Surgery Tray,Malfunction,Topic 3,0
2026-04-21,General Surgery Tray,Injury,Topic 6,1
2026-04-21,General Surgery Tray,Malfunction,Topic 5,0
2026-04-21,General Surgery Tray,Malfunction,Topic 8,0
2026-04-21,General Surgery Tray,Malfunction,Topic 5,0
2026-04-21,General Surgery Tray,Malfunction,Topic 1,0
2026-04-21,General Surgery Tray,Malfunction,Topic 5,0
2026-04-21,"Accessories, Soft Lens Products",Injury,Topic 6,1
2026-04-21,General Surgery Tray,Malfunction,Topic 5,0
2026-04-21,"Unit, Phacofragmentation",Malfunction,Topic 6,0
2026-04-21,"Unit, Phacofragmentation",Malfunction,Topic 7,0
2026-04-21,General Surgery Tray,Malfunction,Topic 1,0
2026-04-21,General Surgery Tray,Malfunction,Topic 8,0
2026-04-21,"Unit, Phacofragmentation",Malfunction,Topic 6,0
2026-04-21,"Unit, Phacofragmentation",Malfunction,Topic 6,0
2026-04-21,"Unit, Phacofragmentation",Malfunction,Topic 6,0
2026-04-21,"Unit, Phacofragmentation",Malfunction,Topic 6,0
2026-04-21,General Surgery Tray,Malfunction,Topic 6,0
2026-04-21,"Suture, Nonabsorbable, Synthetic, Polyam",Malfunction,Topic 6,0
2026-04-21,General Surgery Tray,Malfunction,Topic 6,0
2026-04-21,"Folders And Injectors, Intraocular Lens ",Malfunction,Topic 2,0
2026-04-21,"Lens, Intraocular, Toric Optics",Malfunction,Topic 2,0
2026-04-21,"Unit, Phacofragmentation",Malfunction,Topic 6,0
2026-04-21,Endoilluminator,Malfunction,Topic 8,0
2026-04-21,Intraocular Lens,Injury,Topic 4,1
2026-04-21,Intraocular Lens,Malfunction,Topic 2,0
2026-04-21,"Suture, Nonabsorbable, Synthetic, Polyam",Malfunction,Topic 6,0
2026-04-21,General Surgery Tray,Malfunction,Topic 3,0
2026-04-21,Intraocular Lens,Injury,Topic 4,1
2026-04-21,General Surgery Tray,Injury,Topic 6,1
2026-04-21,"Implant, Eye Valve",Malfunction,Topic 2,0
2026-04-21,General Surgery Tray,Malfunction,Topic 1,0
2026-04-21,General Surgery Tray,Malfunction,Topic 1,0
2026-04-21,"Knife, Ophthalmic",Malfunction,Topic 7,0
2026-04-21,"Lens, Intraocular, Toric Optics",Injury,Topic 4,1
2026-04-21,Intraocular Lens,Malfunction,Topic 2,0
2026-04-21,Intraocular Lens,Malfunction,Topic 2,0
2026-04-21,General Surgery Tray,Malfunction,Topic 8,0
2026-04-21,General Surgery Tray,Malfunction,Topic 3,0
2026-04-21,General Surgery Tray,Malfunction,Topic 3,0
2026-04-21,Intraocular Lens,Malfunction,Topic 2,0
2026-04-21,Extended Depth Of Focus Intraocular Lens,Malfunction,Topic 2,0
2026-04-21,General Surgery Tray,Malfunction,Topic 8,0
2026-04-21,Intraocular Lens,Malfunction,Topic 2,0
2026-04-21,General Surgery Tray,Malfunction,Topic 1,0
2026-04-21,General Surgery Tray,Malfunction,Topic 3,0
2026-04-21,"Vitrectomy, Instrument Cutter",Malfunction,Topic 1,0
2026-04-21,"Vitrectomy, Instrument Cutter",Malfunction,Topic 5,0
2026-04-21,Intraocular Lens,Malfunction,Topic 2,0
2026-04-21,Intraocular Lens,Malfunction,Topic 2,0
2026-04-21,"Lens, Intraocular, Toric Optics",Malfunction,Topic 2,0
2026-04-21,"Lens, Intraocular, Toric Optics",Malfunction,Topic 2,0
2026-04-21,Ophthalmic Femtosecond Laser,Malfunction,Topic 6,0
2026-04-21,General Surgery Tray,Malfunction,Topic 1,0
2026-04-21,Intraocular Lens,Malfunction,Topic 2,0
2026-04-21,General Surgery Tray,Malfunction,Topic 1,0
2026-04-21,Intraocular Lens,Malfunction,Topic 2,0
2026-04-21,General Surgery Tray,Malfunction,Topic 1,0
2026-04-21,"Lens, Guide, Intraocular",Malfunction,Topic 2,0
2026-04-21,"Lens, Guide, Intraocular",Malfunction,Topic 2,0
2026-04-21,"Accessories, Soft Lens Products",Injury,Topic 6,1
2026-04-21,Extended Depth Of Focus Intraocular Lens,Malfunction,Topic 2,0
2026-04-21,Intraocular Lens,Malfunction,Topic 2,0
2026-04-21,Extended Depth Of Focus Intraocular Lens,Malfunction,Topic 2,0
2026-04-21,"Laser, Ophthalmic",Injury,Topic 6,1
2026-04-21,"Lens, Intraocular, Toric Optics",Malfunction,Topic 2,0
2026-04-21,Intraocular Lens,Malfunction,Topic 2,0
2026-04-20,General Surgery Tray,Malfunction,Topic 1,0
2026-04-20,General Surgery Tray,Malfunction,Topic 3,0
2026-04-20,General Surgery Tray,Malfunction,Topic 6,0
2026-04-20,General Surgery Tray,Malfunction,Topic 3,0
2026-04-20,General Surgery Tray,Malfunction,Topic 3,0
2026-04-20,General Surgery Tray,Malfunction,Topic 8,0
2026-04-20,"Forceps, Ophthalmic",Malfunction,Topic 7,0
2026-04-20,"Device, Irrigation, Ocular Surgery",Malfunction,Topic 8,0
2026-04-20,Intraocular Lens,Injury,Topic 6,1
2026-04-20,"Microscope, Operating & Accessories, Ac-",Malfunction,Topic 7,0
2026-04-20,General Surgery Tray,Malfunction,Topic 5,0
2026-04-20,"Suture, Nonabsorbable, Synthetic, Polyam",Malfunction,Topic 6,0
2026-04-20,"Suture, Nonabsorbable, Synthetic, Polyam",Malfunction,Topic 6,0
2026-04-20,"Unit, Phacofragmentation",Malfunction,Topic 6,0
2026-04-20,General Surgery Tray,Malfunction,Topic 3,0
2026-04-20,"Cannula, Trocar, Ophthalmic",Malfunction,Topic 1,0
2026-04-20,"Unit, Phacofragmentation",Malfunction,Topic 5,0
2026-04-20,General Surgery Tray,Malfunction,Topic 3,0
2026-04-20,General Surgery Tray,Malfunction,Topic 7,0
2026-04-20,General Surgery Tray,Malfunction,Topic 5,0
2026-04-20,Extended Depth Of Focus Intraocular Lens,Malfunction,Topic 2,0
2026-04-20,Extended Depth Of Focus Intraocular Lens,Injury,Topic 4,1
2026-04-20,General Surgery Tray,Malfunction,Topic 5,0
2026-04-20,General Surgery Tray,Malfunction,Topic 3,0
2026-04-20,General Surgery Tray,Malfunction,Topic 3,0
2026-04-20,Intraocular Lens,Malfunction,Topic 2,0
2026-04-20,General Surgery Tray,Malfunction,Topic 1,0
2026-04-20,"Accessories, Soft Lens Products",Injury,Topic 6,1
2026-04-20,General Surgery Tray,Malfunction,Topic 1,0
2026-04-20,General Surgery Tray,Malfunction,Topic 1,0
2026-04-20,General Surgery Tray,Malfunction,Topic 8,0
2026-04-20,"Lens, Intraocular, Toric Optics",Malfunction,Topic 2,0
2026-04-20,General Surgery Tray,Malfunction,Topic 5,0
2026-04-20,General Surgery Tray,Malfunction,Topic 8,0
2026-04-20,"Unit, Phacofragmentation",Malfunction,Topic 1,0
2026-04-20,"Laser, Ophthalmic",Malfunction,Topic 7,0
2026-04-20,"Suture, Nonabsorbable, Synthetic, Polyam",Malfunction,Topic 8,0
2026-04-20,General Surgery Tray,Malfunction,Topic 3,0
2026-04-20,"Folders And Injectors, Intraocular Lens ",Malfunction,Topic 2,0
2026-04-20,Intraocular Lens,Malfunction,Topic 2,0
2026-04-20,Intraocular Lens,Malfunction,Topic 2,0
2026-04-20,Intraocular Lens,Malfunction,Topic 2,0
2026-04-20,Intraocular Lens,Malfunction,Topic 2,0
2026-04-20,Intraocular Lens,Malfunction,Topic 2,0
2026-04-20,General Surgery Tray,Malfunction,Topic 3,0
2026-04-20,Intraocular Lens,Malfunction,Topic 2,0
2026-04-20,"Lens, Guide, Intraocular",Malfunction,Topic 2,0
2026-04-20,"Folders And Injectors, Intraocular Lens ",Malfunction,Topic 2,0
2026-04-20,"Folders And Injectors, Intraocular Lens ",Malfunction,Topic 2,0
2026-04-20,General Surgery Tray,Malfunction,Topic 3,0
2026-04-20,Intraocular Lens,Malfunction,Topic 2,0
2026-04-20,"Accessories, Soft Lens Products",Injury,Topic 6,1
2026-04-20,"Lens, Intraocular, Toric Optics",Injury,Topic 4,1
2026-04-20,Intraocular Lens,Malfunction,Topic 2,0
2026-04-20,General Surgery Tray,Malfunction,Topic 3,0
2026-04-20,"Knife, Ophthalmic",Malfunction,Topic 7,0
2026-04-20,"Cannula, Ophthalmic",Malfunction,Topic 6,0
2026-04-20,General Surgery Tray,Malfunction,Topic 3,0
2026-04-20,"Knife, Ophthalmic",Malfunction,Topic 7,0
2026-04-20,General Surgery Tray,Malfunction,Topic 3,0
2026-04-20,Intraocular Lens,Malfunction,Topic 2,0
2026-04-20,"Lens, Intraocular, Toric Optics",Malfunction,Topic 6,0
2026-04-20,Intraocular Lens,Malfunction,Topic 8,0
2026-04-20,"Lens, Intraocular, Toric Optics",Malfunction,Topic 2,0
2026-04-20,Intraocular Lens,Malfunction,Topic 2,0
2026-04-20,Intraocular Lens,Malfunction,Topic 2,0
2026-04-20,Intraocular Lens,Malfunction,Topic 8,0
2026-04-20,Intraocular Lens,Injury,Topic 4,1
2026-04-20,"Lens, Intraocular, Toric Optics",Malfunction,Topic 2,0
2026-04-20,General Surgery Tray,Malfunction,Topic 6,0
2026-04-20,"Folders And Injectors, Intraocular Lens ",Malfunction,Topic 2,0
2026-04-20,Intraocular Pressure Lowering Implant,Injury,Topic 6,1
2026-04-20,"Laser, Ophthalmic",Injury,Topic 6,1
2026-04-20,"Accessories, Soft Lens Products",Injury,Topic 6,1
2026-04-20,"Unit, Phacofragmentation",Malfunction,Topic 6,0
2026-04-20,"Unit, Phacofragmentation",Malfunction,Topic 7,0
2026-04-20,Intraocular Lens,Malfunction,Topic 2,0
2026-04-20,General Surgery Tray,Malfunction,Topic 3,0
2026-04-20,General Surgery Tray,Malfunction,Topic 1,0
2026-04-18,"Knife, Ophthalmic",Malfunction,Topic 7,0
2026-04-18,"Knife, Ophthalmic",Malfunction,Topic 7,0
2026-04-18,"Unit, Phacofragmentation",Malfunction,Topic 6,0
2026-04-18,"Unit, Phacofragmentation",Injury,Topic 7,1
2026-04-18,General Surgery Tray,Injury,Topic 5,1
2026-04-18,General Surgery Tray,Injury,Topic 5,1
2026-04-17,"Lens, Intraocular, Toric Optics",Malfunction,Topic 2,0
2026-04-17,General Surgery Tray,Malfunction,Topic 1,0
2026-04-17,"Cannula, Ophthalmic",Malfunction,Topic 6,0
2026-04-17,General Surgery Tray,Malfunction,Topic 8,0
2026-04-17,General Surgery Tray,Malfunction,Topic 6,0
2026-04-17,General Surgery Tray,Malfunction,Topic 3,0
2026-04-17,"Unit, Phacofragmentation",Malfunction,Topic 7,0
2026-04-17,"Cannula, Ophthalmic",Malfunction,Topic 6,0
2026-04-17,"Cannula, Trocar, Ophthalmic",Malfunction,Topic 7,0
2026-04-17,General Surgery Tray,Malfunction,Topic 3,0
2026-04-17,General Surgery Tray,Malfunction,Topic 1,0
2026-04-17,"Unit, Phacofragmentation",Malfunction,Topic 7,0
2026-04-17,General Surgery Tray,Malfunction,Topic 5,0
2026-04-17,General Surgery Tray,Malfunction,Topic 8,0
2026-04-17,General Surgery Tray,Injury,Topic 3,1
2026-04-17,General Surgery Tray,Malfunction,Topic 6,0
2026-04-17,General Surgery Tray,Malfunction,Topic 8,0
2026-04-17,General Surgery Tray,Malfunction,Topic 6,0
2026-04-17,General Surgery Tray,Malfunction,Topic 5,0
2026-04-17,Intraocular Lens,Malfunction,Topic 2,0
2026-04-17,"Laser, Ophthalmic",Malfunction,Topic 7,0
2026-04-17,General Surgery Tray,Malfunction,Topic 8,0
2026-04-17,General Surgery Tray,Malfunction,Topic 3,0
2026-04-17,General Surgery Tray,Malfunction,Topic 8,0
2026-04-17,General Surgery Tray,Malfunction,Topic 3,0
2026-04-17,"Suture, Nonabsorbable, Synthetic, Polyam",Malfunction,Topic 6,0
2026-04-17,General Surgery Tray,Malfunction,Topic 3,0
2026-04-17,General Surgery Tray,Malfunction,Topic 1,0
2026-04-17,Intraocular Lens,Malfunction,Topic 2,0
2026-04-17,Intraocular Lens,Injury,Topic 4,1
2026-04-17,General Surgery Tray,Malfunction,Topic 1,0
2026-04-17,"Suture, Nonabsorbable, Synthetic, Polyam",Malfunction,Topic 6,0
2026-04-17,Intraocular Lens,Malfunction,Topic 2,0
2026-04-17,Intraocular Lens,Malfunction,Topic 2,0
2026-04-17,Intraocular Lens,Malfunction,Topic 2,0
2026-04-17,"Lens, Intraocular, Toric Optics",Malfunction,Topic 2,0
2026-04-17,"Unit, Phacofragmentation",Injury,Topic 6,1
2026-04-17,"Lens, Intraocular, Toric Optics",Injury,Topic 4,1
2026-04-17,"Lens, Intraocular, Toric Optics",Injury,Topic 4,1
2026-04-17,"Lens, Intraocular, Toric Optics",Malfunction,Topic 2,0
2026-04-17,"Knife, Ophthalmic",Malfunction,Topic 7,0
2026-04-17,"Lens, Intraocular, Toric Optics",Injury,Topic 4,1
2026-04-17,Intraocular Lens,Malfunction,Topic 2,0
2026-04-17,"Lens, Intraocular, Toric Optics",Malfunction,Topic 2,0
2026-04-17,"Suture, Nonabsorbable, Synthetic, Polyam",Malfunction,Topic 6,0
2026-04-17,"Knife, Ophthalmic",Malfunction,Topic 7,0
2026-04-17,General Surgery Tray,Injury,Topic 6,1
2026-04-17,Intraocular Lens,Injury,Topic 2,1
2026-04-17,Intraocular Lens,Malfunction,Topic 2,0
2026-04-17,Intraocular Lens,Malfunction,Topic 2,0
2026-04-17,"Lens, Guide, Intraocular",Malfunction,Topic 7,0
2026-04-17,Intraocular Lens,Malfunction,Topic 2,0
2026-04-17,"Knife, Ophthalmic",Malfunction,Topic 7,0
2026-04-17,"Knife, Ophthalmic",Malfunction,Topic 7,0
2026-04-17,General Surgery Tray,Malfunction,Topic 5,0
2026-04-17,General Surgery Tray,Malfunction,Topic 5,0
2026-04-17,Intraocular Lens,Malfunction,Topic 2,0
2026-04-17,"Forceps, Ophthalmic",Malfunction,Topic 6,0
2026-04-17,General Surgery Tray,Malfunction,Topic 3,0
2026-04-17,"Lens, Intraocular, Toric Optics",Malfunction,Topic 2,0
2026-04-17,"Lens, Intraocular, Toric Optics",Malfunction,Topic 2,0
2026-04-17,General Surgery Tray,Malfunction,Topic 8,0
2026-04-17,Intraocular Lens,Malfunction,Topic 2,0
2026-04-17,Intraocular Lens,Malfunction,Topic 2,0
2026-04-17,General Surgery Tray,Malfunction,Topic 3,0
2026-04-17,"Folders And Injectors, Intraocular Lens ",Malfunction,Topic 2,0
2026-04-17,Extended Depth Of Focus Intraocular Lens,Malfunction,Topic 2,0
2026-04-17,General Surgery Tray,Malfunction,Topic 8,0
2026-04-16,General Surgery Tray,Malfunction,Topic 1,0
2026-04-16,General Surgery Tray,Malfunction,Topic 3,0
2026-04-16,Ophthalmic Femtosecond Laser,Malfunction,Topic 6,0
2026-04-16,"Lens, Intraocular, Toric Optics",Malfunction,Topic 2,0
2026-04-16,General Surgery Tray,Malfunction,Topic 3,0
2026-04-16,"Folders And Injectors, Intraocular Lens ",Malfunction,Topic 2,0
2026-04-16,"Unit, Phacofragmentation",Malfunction,Topic 6,0
2026-04-16,"Unit, Phacofragmentation",Malfunction,Topic 7,0
2026-04-16,"Unit, Phacofragmentation",Malfunction,Topic 6,0
2026-04-16,General Surgery Tray,Malfunction,Topic 8,0
2026-04-16,General Surgery Tray,Malfunction,Topic 8,0
2026-04-16,"Unit, Phacofragmentation",Injury,Topic 7,1
2026-04-16,Intraocular Lens,Injury,Topic 4,1
2026-04-16,Ophthalmic Femtosecond Laser,Malfunction,Topic 6,0
2026-04-16,"Unit, Phacofragmentation",Injury,Topic 6,1
2026-04-16,Intraocular Lens,Malfunction,Topic 2,0
2026-04-16,"Lens, Intraocular, Toric Optics",Malfunction,Topic 2,0
2026-04-16,"Lens, Intraocular, Toric Optics",Malfunction,Topic 2,0
2026-04-16,"Lens, Multifocal Intraocular",Malfunction,Topic 2,0
2026-04-16,"Unit, Phacofragmentation",Malfunction,Topic 6,0
2026-04-16,"Unit, Phacofragmentation",Injury,Topic 7,1
2026-04-16,General Surgery Tray,Malfunction,Topic 1,0
2026-04-16,"Unit, Phacofragmentation",Injury,Topic 7,1
2026-04-16,"Unit, Phacofragmentation",Malfunction,Topic 6,0
2026-04-16,"Cannula, Trocar, Ophthalmic",Malfunction,Topic 8,0
2026-04-16,"Instrument, Vitreous Aspiration And Cutt",Malfunction,Topic 3,0
2026-04-16,General Surgery Tray,Malfunction,Topic 8,0
2026-04-16,General Surgery Tray,Malfunction,Topic 3,0
2026-04-16,"Lens, Intraocular, Toric Optics",Injury,Topic 4,1
2026-04-16,"Unit, Phacofragmentation",Injury,Topic 6,1
2026-04-16,Intraocular Lens,Injury,Topic 4,1
